alias_tag,category,posts,aliases,nsfw,canonical_tag,canonical_category,canonical_posts,canonical_has_definition
stuck_in_wall,general,3913,,,through_wall,general,5277,1
conical_flask,general,456,,,erlenmeyer_flask,general,973,1
jail_cell,general,455,,,prison_cell,general,1303,1
zabaniya_(tokyo_houkago_summoners),character,455,,,zabaniyya_(housamo),character,946,1
girder,general,380,,,steel_beam,general,485,1
morning_star_(weapon),general,380,,,spiked_mace,general,690,1
origa_discordia,character,380,,,olga_discordia,character,624,1
v_flower,general,380,,,flower_(vocaloid),character,1087,1
cherry_blossom_viewing,general,379,,,hanami,general,972,1
fake_fingernails,general,379,,,fake_nails,alias,1923,1
sango_(pokemon),character,379,,,coral_(pokemon),character,943,1
bunny_mask,general,378,,,rabbit_mask,general,518,1
ripped_kimono,general,378,,,torn_kimono,general,796,1
shimokura_megu,character,377,,,megu_(blue_archive),character,736,1
slice_of_pie,general,376,,,pie_slice,general,620,1
white_rabbit_(wonderland),general,376,,,white_rabbit_(alice_in_wonderland),character,812,1
flower_viewing,general,375,,,hanami,general,972,1
food_on_finger,general,374,,,food_on_hand,general,1064,1
iwasama_masami,character,374,,,iwasawa_masami,character,440,1
akari_(pokemon_legends:_arceus),character,373,,,akari_(pokemon),character,4237,1
hair_buns,general,373,,,double_bun,general,174394,1
dlanor_a_knox,character,372,,,dlanor_a._knox,character,466,1
gekka_no_kenshi,copyright,369,,,bakumatsu_rouman,copyright,461,1
iwasawa,character,369,,,iwasawa_masami,character,440,1
doughnut_box,general,368,,,pastry_box,general,519,1
flash_suppressor,general,367,,,muzzle_device,general,632,1
grumpy_nun_(diva),character,366,,,strict_nun_(diva),character,561,1
mai_valentine,character,365,,,kujaku_mai,character,565,1
cape_removed,general,364,,,unworn_cape,general,1355,1
ffi,copyright,364,,,final_fantasy_i,copyright,573,1
fire_emblem_if,copyright,364,,,fire_emblem_fates,copyright,27159,1
spider_arms,general,364,,,arthropod_limbs,general,3263,1
io_euclase,character,363,,,io_(granblue_fantasy),character,376,1
kimono_removed,general,363,,,unworn_kimono,general,495,1
yakuza_tattoo,general,363,,,irezumi,general,696,1
night_table,general,362,,,nightstand,general,1057,1
drink_umbrella,general,361,,,cocktail_umbrella,general,513,1
tsuchiya_muuton,character,361,,,tsuchiya_(girls_und_panzer),character,430,1
character_keychain,general,359,,,character_charm,general,2370,1
ocean_floor,general,359,,,seafloor,general,473,1
alternate_race,general,358,,,alternate_species,general,1434,1
boxers_pull,general,358,,,male_underwear_pull,general,1940,1
chargebolt_(boku_no_hero_academia),general,358,,,kaminari_denki,character,860,1
oppai_day,general,358,,,breasts_day,general,617,1
hidden_masturbation,general,356,,,stealth_masturbation,general,819,1
leaf_on_crotch,general,356,,,leaf_censor,general,461,1
meteor_hammer,general,356,,,ball_and_chain_(weapon),general,1256,1
yunjin_(genshin_impact),character,356,,,yun_jin_(genshin_impact),character,1022,1
lapel_flower,general,355,,,boutonniere,general,875,1
pacman_(game),general,355,,,pac-man_(game),copyright,660,1
chidori_michiru,character,354,,,michiru_(blue_archive),character,940,1
shishidou_izumi,character,354,,,izumi_(blue_archive),character,668,1
shizuku_(hunter_x_hunter),character,353,,,shizuku_murasaki,character,577,1
fig_leaf_(idiom),general,352,,,leaf_censor,general,461,1
kson_(1st_costume),character,352,,,souchou,character,395,1
shield_arm,general,352,,,shield_module,general,399,1
blood_manipulation,general,351,,,hemokinesis,general,579,1
headscissors,general,350,,,scissorhold,general,907,1
leaf_on_nipple,general,349,,,leaf_censor,general,461,1
natsuiro_matsuri_(loungewear),character,349,,,natsuiro_matsuri_(matsuri's_day_off),,,0
kuvira_(granblue_fantasy),character,348,,,kumbhira_(granblue_fantasy),character,618,1
bamboo_sprout,general,347,,,bamboo_shoot,general,729,1
short_pants,general,347,,,shorts,general,659552,1
star_pillow,general,347,,,star-shaped_pillow,general,568,1
ocean_bottom,general,346,,,seafloor,general,473,1
prosthetic_shield,general,346,,,shield_module,general,399,1
senbon-zakura_(vocaloid),copyright,346,,,senbonzakura_(vocaloid),copyright,163,1
leona_west,character,345,,,reona_west,character,572,1
scarf_removed,general,345,,,unworn_scarf,general,1420,1
digifake,general,344,,,oridigi,general,2048,1
unbuttoned_pants,general,343,,,open_fly,general,26927,1
asymmetrical_earrings,general,342,,,mismatched_earrings,general,1773,1
sheer_leotard,general,342,,,see-through_leotard,general,5203,1
bow_shirt,general,341,,,shirt_bow,general,1161,1
isami_kaede,character,341,,,kaede_(blue_archive),character,1305,1
kawawa_shizuko,character,341,,,shizuko_(blue_archive),character,610,1
material-s,character,340,,,stern_the_destructor,character,450,1
earlobes,general,339,,,long_earlobes,general,1710,1
limited/zero_over,character,339,,,senji_muramasa_(fate),character,936,1
thalatha_(granblue_fantasy),character,339,,,threo_(granblue_fantasy),character,394,1
jounouchi_katsuya,character,338,,,jonouchi_katsuya,character,459,1
studded_penis,general,338,,,spiked_penis,general,1106,1
yuu-gi-ou_vrains,copyright,338,,,yu-gi-oh!_vrains,copyright,976,1
katalina_aryze,character,337,,,katalina_(granblue_fantasy),character,518,1
menhera_kei,general,337,,,yami_kawaii,general,1096,1
my_hero_academia:_vigilantes,copyright,336,,,vigilante_-boku_no_hero_academia:_illegals-,copyright,587,1
violet_(one_piece),character,336,,,viola_(one_piece),character,440,1
cat_food,general,335,,,pet_food,general,953,1
jon_talbain,character,335,,,gallon_(vampire),character,247,0
messaging,general,334,,,text_messaging,general,1560,1
blackbeard_(fate),character,333,,,edward_teach_(fate),character,405,1
british,general,332,,,united_kingdom,general,460,1
hair_tassel,general,332,,,tassel_hair_ornament,general,9250,1
arm_in_one_sleeve,general,330,,,arm_out_of_sleeve,general,1234,1
mechanical_animal,general,330,,,robot_animal,general,2102,1
orie_(under_night_in-birth),character,330,,,orie_ballardiae_harada,character,519,1
harada_orie,character,328,,,orie_ballardiae_harada,character,519,1
holding_remote,general,328,,,holding_remote_control,general,2113,1
dancer_(three_houses),general,327,,,dancer_(fire_emblem:_three_houses),general,482,1
puking_cum,general,327,,,vomiting_cum,general,484,1
shoe_flower,general,327,,,footwear_flower,general,936,1
female_protagonist_(pokemon_legends:_arceus),character,326,,,akari_(pokemon),character,4237,1
frioniel,character,326,,,firion,character,501,1
half-life,copyright,326,,,half-life_(series),copyright,321,1
oono_tsukuyo,character,326,,,tsukuyo_(blue_archive),character,751,1
alph_(nanoha),character,324,,,arf,character,337,1
x_pasties,general,324,,,cross_pasties,general,2439,1
tressa_(octopath_traveler),character,323,,,tressa_colzione,character,99,0
janna_windforce,character,321,,,janna_(league_of_legends),character,404,1
yami_no_sho,character,321,,,tome_of_the_night_sky,character,351,1
fire_emblem:_three_hopes,copyright,320,,,fire_emblem_warriors:_three_hopes,copyright,2411,1
punching_at_viewer,general,320,,,incoming_punch,general,1034,1
potstickers,general,319,,,jiaozi,general,717,1
bludgeoning_angel_dokuro-chan,copyright,318,,,bokusatsu_tenshi_dokuro-chan,copyright,454,0
new_driver_mark,general,318,,,shoshinsha_mark,general,462,1
standing_on_one_hand,general,318,,,one_arm_handstand,general,671,1
book_of_darkness_(nanoha),character,317,,,tome_of_the_night_sky,character,351,1
book_of_the_night_sky,character,317,,,tome_of_the_night_sky,character,351,1
buch_der_dunkelheit,character,317,,,tome_of_the_night_sky,character,351,1
buch_der_nachthimmel,character,317,,,tome_of_the_night_sky,character,351,1
single_handstand,general,317,,,one_arm_handstand,general,671,1
yaten_no_sho,character,317,,,tome_of_the_night_sky,character,351,1
douki-chan_(yomu_(sgt_epper)),character,316,,,douki-chan_(douki-chan),character,620,1
hyakkano,copyright,316,,,kimi_no_koto_ga_dai_dai_dai_dai_daisuki_na_100-nin_no_kanojo,copyright,3461,1
labelko,character,316,,,label_girl_(dipp),character,605,1
levi_russel,character,316,,,levi_the_slasher,character,346,1
motimon,character,316,,,mochimon,character,1025,1
licking_cheek,general,315,,,licking_another's_cheek,,,0
how_clumsy_you_are_miss_ueno,general,314,,,ueno-san_wa_bukiyou,copyright,436,1
sound_of_the_sky,copyright,314,,,sora_no_woto,copyright,317,1
water_magic,general,314,,,hydrokinesis,general,2289,1
faris_nyannyan,character,313,,,akiha_rumiho,character,969,1
yorha_type_p_no._2,character,312,,,2p_(nier:automata),character,417,1
alexiel_(granblue_fantasy),character,309,,,godsworn_alexiel,character,380,1
criminal_photo,general,308,,,mugshot,general,925,1
eyewear_slip,general,308,,,crooked_eyewear,general,496,1
takemaru_(tokyo_houkago_summoners),character,308,,,takemaru_(housamo),character,483,1
akeshiro_rumi,character,306,,,rumi_(blue_archive),character,949,1
crescent_moon_symbol,general,306,,,crescent,general,61027,1
prison_photo,general,306,,,mugshot,general,925,1
bloody_bandages,general,305,,,blood_on_bandages,general,1644,1
octopus_wiener,general,305,,,tako-san_wiener,general,602,1
regal_bryant,character,305,,,regal_bryan,alias,305,1
oki_aoi,character,304,,,aoi_(blue_archive),character,732,1
virtual_kaf,copyright,304,,,kamitsubaki_studio,copyright,6081,1
wakaba_mark,general,304,,,shoshinsha_mark,general,462,1
0.01_condom,general,303,,,okamoto_condoms,general,456,1
bsapricot_(vtuber),character,303,,,apricot_the_lich,character,553,1
kayama_reijo,character,303,,,reijo_(blue_archive),character,954,1
repede,character,303,,,repede_(tales),character,354,1
socie_(granblue_fantasy),character,303,,,societte_(granblue_fantasy),character,377,1
aegir_(tokyo_houkago_summoners),character,302,,,aegir_(housamo),character,496,1
kuujou_holly,character,302,,,kujo_holy,character,21,1
macross_frontier:_the_false_songstress,copyright,302,,,macross_frontier:_itsuwari_no_utahime,copyright,318,1
maine_(honzuki_no_gekokujou),character,302,,,myne_(honzuki_no_gekokujou),character,577,1
pink_obi,general,302,,,pink_sash,general,2100,1
renkawa_cherino,character,302,,,cherino_(blue_archive),character,706,1
image_fill,general,300,,,double_exposure,general,918,1
rozemyne_(honzuki_no_gekokujou),character,300,,,myne_(honzuki_no_gekokujou),character,577,1
amazawa_keisuke,character,299,,,amasawa_keisuke,character,460,1
minah_(chaesu),character,299,,,bae_minah_(chaesu),character,383,1
little_buddy_(splatoon),character,298,,,smallfry_(splatoon),character,826,1
off-shoulder_swimsuit,general,298,,,off-shoulder_one-piece_swimsuit,general,1789,1
ranking_of_kings,copyright,298,,,ousama_ranking,copyright,771,1
aa_gun,general,297,,,anti-aircraft_gun,general,777,1
mr._saturn,character,297,,,doseisan,character,446,1
sucking_nipples_(male),general,297,,,sucking_male_nipple,general,928,1
symphony_regalia,character,297,,,jakuzure_nonon_(symphony_regalia),character,322,1
unthinkable_natural_law,general,297,,,touhou_hisoutensoku,copyright,368,1
v_flower_(vocaloid4),general,296,,,flower_(vocaloid4),character,795,1
weapon_sheet,general,296,,,weapon_focus,general,1654,1
flash_hider,general,295,,,muzzle_device,general,632,1
ikekura_marina,character,295,,,marina_(blue_archive),character,678,1
mochi_pounding,general,295,,,mochitsuki,general,506,1
matthew_williams,character,294,,,canada_(hetalia),character,412,1
fairy_maid,character,293,,,fairy_maid_(touhou),character,389,1
godguard_brodia,character,293,,,godsworn_alexiel,character,380,1
hand_seal,general,293,,,kuji-in,general,1725,1
naruhodou_minuki,character,293,,,trucy_wright,character,775,1
jean_gunnhildr,character,292,,,jean_(genshin_impact),character,4306,1
looking_over_shoulder,general,292,,,looking_back,general,454688,1
emilia_leblanc,character,291,,,leblanc_(league_of_legends),character,368,1
imi_uzi,general,290,,,uzi,general,406,1
kurimura_airi,character,290,,,airi_(blue_archive),character,1817,1
sakura_wars:_so_long_my_love,copyright,290,,,sakura_taisen_v,copyright,429,1
komurasaki_(one_piece),character,288,,,kouzuki_hiyori,character,462,1
little_red_riding_hood_(sinoalice),character,288,,,red_riding_hood_(sinoalice),character,365,0
suzuki_maria,character,288,,,suzuki_(girls_und_panzer),character,389,1
aleksandra_i_pokryshkin,character,287,,,aleksandra_i._pokryshkin,character,381,1
ragnarok_m:_eternal_love,copyright,287,,,ragnarok_masters,copyright,800,1
the_emperor_(arknights),character,287,,,emperor_(arknights),character,393,1
yuuki_aine,character,287,,,yuki_aine,character,399,1
middle_split,general,286,,,straddle_split,general,0,0
urtoriy,character,284,,,ulthury,character,288,0
dropout_idol_fruit_tart,copyright,283,,,ochikobore_fruit_tart,copyright,431,1
pool_ball,general,283,,,billiard_ball,general,952,1
samurai_(7th_dragon),character,283,,,samurai_(7th_dragon_series),alias,517,1
hexer_(sekaiju),general,282,,,curse_maker,character,418,1
just_according_to_keikaku,general,282,,,just_as_planned_(meme),general,305,1
willard_h_wright,character,282,,,willard_h._wright,character,308,1
wz.29,general,282,,,mauser_98,general,798,1
heart-shaped_buttons,general,281,,,heart_button,general,4200,1
nier_(young),character,281,,,nier_(brother),character,518,1
type_38_rifle,general,281,,,arisaka,general,552,1
type_99_short_rifle,general,281,,,arisaka,general,552,1
circular_border,general,280,,,round_border,general,3453,1
material-l,character,280,,,levi_the_slasher,character,346,1
piercing_bunny,character,280,,,scathach_(piercing_bunny)_(fate),character,868,1
erufuda-san,character,279,,,elfuda_(elf-san_wa_yaserarenai.),character,431,1
fireman,character,279,,,firefighter,general,680,1
moneybag,general,279,,,money_bag,general,493,1
blond_hair,general,278,,,blonde_hair,general,0,1
hexcaster_(sekaiju),general,278,,,curse_maker,character,418,1
ping_pong_ball,general,278,,,table_tennis_ball,general,378,1
retoree,character,278,,,retoree_(show_by_rock!!),character,337,1
shiro_(housamo),character,278,,,motoori_shiro,character,397,1
type_24_(chiang_kai-shek_rifle),general,277,,,mauser_98,general,798,1
frau_bow,character,276,,,fraw_bow,character,376,1
type_30_rifle,general,276,,,arisaka,general,552,1
type_44_carbine,general,276,,,arisaka,general,552,1
50_yen_coin,general,275,,,holed_coin,general,2080,1
5_yen_coin,general,275,,,holed_coin,general,2080,1
cash_(chinese),general,275,,,holed_coin,general,2080,1
special_week,character,275,,,special_week_(umamusume),character,3739,1
type_38_carbine,general,275,,,arisaka,general,552,1
beaded_panties,general,274,,,pearl_thong,general,1314,1
lemillion_(boku_no_hero_academia),general,274,,,togata_mirio,character,517,1
when_will_ayumu_make_his_move?,copyright,274,,,soredemo_ayumu_wa_yosetekuru,copyright,557,1
yor_forger,character,274,,,yor_briar,character,14147,1
blood_on_floor,general,273,,,blood_on_ground,general,2379,1
heart-shaped_sunglasses,general,273,,,heart-shaped_eyewear,general,9771,1
shougi_no_yatsu,general,273,,,soredemo_ayumu_wa_yosetekuru,copyright,557,1
squeaky_mallet,general,273,,,toy_hammer,general,494,1
stomach-to-stomach,general,273,,,belly-to-belly,general,1049,1
fiora_laurent,character,272,,,fiora_(league_of_legends),character,328,1
risa_(ponyo),character,272,,,lisa_(ponyo),character,295,1
macross_frontier:_the_wings_of_farewell,copyright,271,,,macross_frontier:_sayonara_no_tsubasa,copyright,292,1
oono_kanako,character,271,,,ohno_kanako,general,1,1
trading_cards,general,271,,,trading_card,general,8906,1
black_magician,character,270,,,dark_magician,character,468,1
noise_(crt),general,270,,,static,general,1017,1
cruciform_halo,general,269,,,cross_halo,general,2794,1
kadenokouji_yukari,character,269,,,yukari_(blue_archive),character,994,1
elly_(xenogears),character,268,,,elhaym_van_houten,character,357,1
honjitsu_no_shuyaku,general,267,,,birthday_sash,general,514,1
ice_manipulation,general,267,,,cryokinesis,general,899,1
miyoshi_takane,character,267,,,takane_(blue_archive),character,577,1
saimon_(tales),character,267,,,symonne_(tales),character,390,1
mizuha_mimori,character,266,,,mimori_(blue_archive),character,630,1
corazon_(one_piece),character,265,,,donquixote_rocinante,character,949,1
fionna_the_human_girl,character,265,,,fionna_campbell,character,364,1
jahy_sama_wa_kujikenai,general,265,,,jahy-sama_wa_kujikenai!,copyright,833,1
penis_gag,general,264,,,dildo_gag,general,692,1
vertical-striped_kneehighs,general,264,,,vertical-striped_socks,general,1483,1
failed_exam,general,263,,,test_score,general,435,1
string_figure,general,263,,,cat's_cradle,,,1
ace_attorney_5,copyright,262,,,phoenix_wright:_ace_attorney_-_dual_destinies,copyright,575,1
armor_removed,general,262,,,unworn_armor,general,395,1
exam_score,general,262,,,test_score,general,435,1
score_on_paper,general,262,,,test_score,general,435,1
studded_dildo,general,262,,,spiked_dildo,general,628,1
rein_(fushigiboshi_no_futago_hime),character,261,,,rein_(futagohime),character,425,1
dog_walking,general,260,,,pet_walking,general,459,1
lopsided_breasts,general,260,,,asymmetrical_breasts,general,418,1
pterodactyl,general,260,,,pterosaur,general,468,1
scar_through_eyebrow,general,260,,,eyebrow_cut,general,4453,1
shaved_ice_flag,general,260,,,kooribata,general,313,1
tu_ya_(mao_lian),general,260,,,aina_(mao_lian),character,379,1
extra_wings,general,259,,,multiple_wings,general,10485,1
funny_glasses,general,259,,,groucho_glasses,general,365,1
money_in_clothes,general,259,,,tucked_money,general,890,1
benjamin_kirby_tennyson,character,258,,,ben_tennyson,character,588,1
blackbeard_(one_piece),character,258,,,marshall_d._teach,character,407,1
pajamas_party,general,258,,,sleepover,general,426,1
tino_vainamoinen,character,258,,,finland_(hetalia),character,283,1
yuujin_a_(hololive),character,258,,,a-chan_(hololive),character,826,1
bloody_fingers,general,257,,,blood_on_hands,alias,16219,1
money_in_cleavage,general,257,,,tucked_money,general,890,1
orange_kneehighs,general,257,,,orange_socks,general,2127,1
a_bridge_to_the_starry_skies,copyright,256,,,hoshizora_e_kakaru_hashi,copyright,284,1
bloody_breasts,general,256,,,blood_on_breasts,general,1113,1
plamo,general,256,,,model_kit,general,992,1
shirt_pocket,general,256,,,breast_pocket,general,27744,1
tracer_fire,general,256,,,projectile_trail,general,461,1
cefca_palazzo,character,255,,,kefka_palazzo,general,65,1
poor,general,255,,,poverty,general,76,1
tonelico_(fate),character,255,,,aesc_(fate),character,1044,1
claw_(street_fighter),character,254,,,vega_(street_fighter),character,381,1
cumswap,general,254,,,cum_swap,general,599,1
medicine_seller_(mononoke),general,254,,,kusuriuri_(mononoke),character,371,1
odoroki_housuke,character,254,,,apollo_justice,character,910,1
sig_sauer_556,general,254,,,sig_556,general,516,1
fine_(fushigiboshi_no_futago_hime),character,253,,,fine_(futagohime),character,490,1
harapan,general,253,,,stomach_punch,general,784,1
kengo_(housamo),character,253,,,takabushi_kengo,character,363,1
too_many_scars,general,253,,,scars_all_over,general,1422,1
chili,general,252,,,chili_pepper,general,1051,1
drawing_time,general,252,,,completion_time,general,743,1
jennifer_wakeman,character,252,,,jenny_wakeman,character,606,1
astro_(astro_boy),character,251,,,atom_(tetsuwan_atom),character,250,1
dimple_(mob_psycho_100),character,251,,,ekubo_(mob_psycho_100),character,553,1
battle_fist_(boku_no_hero_academia),general,250,,,kendou_itsuka,character,482,1
belt_removed,general,250,,,unworn_belt,general,518,1
marchen_(album),copyright,250,,,maerchen_(sound_horizon),copyright,257,1
torpedo_breasts,general,250,,,pointy_breasts,general,1518,1
ardbert_(ff14),character,249,,,ardbert_hylfyst,character,470,1
bukamon,character,249,,,pukamon,character,600,1
gyakuten_saiban_5,copyright,249,,,phoenix_wright:_ace_attorney_-_dual_destinies,copyright,575,1
gawain_(fairy_knight)_(fate),character,248,,,barghest_(fate),character,2913,1
hedge_(plant),general,248,,,hedge,general,879,1
mc4_(housamo),character,248,,,protagonist_4_(housamo),character,370,1
punk-02,character,248,,,vegapunk_lilith,character,629,1
scowly_nun_(diva),character,248,,,strict_nun_(diva),character,561,1
chinese_window,general,246,,,lattice,general,1093,1
ghetsis_harmonia,character,246,,,ghetsis_(pokemon),character,511,1
kamyu,character,246,,,camyu,character,250,0
boxer_(street_fighter),character,245,,,balrog_(street_fighter),character,313,1
dearche_kings_claudia,character,245,,,lord_dearche,character,268,1
party_blower,general,245,,,party_horn,general,313,0
structural_formula,general,244,,,chemical_structure,general,2480,1
girl_(deemo),character,242,,,alice_(deemo),character,261,1
muzzle_brake,general,242,,,muzzle_device,general,632,1
sekine,character,242,,,sekine_shiori,character,302,1
touhou_gouyoku_ibun,copyright,242,,,sunken_fossil_world,copyright,331,1
bear_paw_hammer,general,241,,,paw_stick,general,379,1
cat_pillow,general,241,,,cat-shaped_pillow,general,350,1
nekonyaa,character,241,,,nekonyaa_(girls_und_panzer),character,156,1
rockman_x_dive,copyright,241,,,mega_man_x_dive,copyright,1788,1
swimsuit_of_perpetual_summer,general,241,,,mash_kyrielight_(swimsuit_of_perpetual_summer),character,625,1
red_earth_(game),copyright,240,,,warzard,copyright,350,1
gray_background,general,239,,,grey_background,general,0,1
lin_yuhsia_(arknights),character,239,,,lin_(arknights),character,848,1
gunzo_(tokyo_houkago_summoners),character,238,,,tamamura_gunzo,character,520,1
headgear_removed,general,238,,,unworn_headgear,general,277,1
priest_staff_(buddhist),general,238,,,shakujou,general,554,1
illyasviel_von_einzbern_(swimsuit_archer)_(fate),character,237,,,illyasviel_von_einzbern_(swimsuit_archer),alias,396,1
shiraishi_utaha,character,237,,,utaha_(blue_archive),character,674,1
uesugi_u_kyouko,character,237,,,uesugi_u._kyouko,character,241,1
leg_cling,general,236,,,hugging_another's_leg,,,0
press-ups,general,236,,,push-ups,general,689,1
thighhigh_boots,general,236,,,thigh_boots,general,125961,1
yugioh_sevens,copyright,236,,,yu-gi-oh!_sevens,copyright,653,1
yuragi_momoka,character,236,,,momoka_(blue_archive),character,405,1
hidden_blade,general,235,,,concealed_weapon,general,525,1
master_4_(housamo),character,235,,,protagonist_4_(housamo),character,370,1
niyah,character,235,,,nia_(xenoblade),character,4273,1
thumb_biting,general,235,,,biting_own_thumb,general,314,1
todo_aoi_(jujutsu_kaisen),general,235,,,toudou_aoi_(jujutsu_kaisen),character,678,1
cat_bell,general,234,,,jingle_bell,general,51920,1
shennong_(tokyo_houkago_summoners),character,234,,,shennong_(housamo),character,390,1
berwald_oxenstierna,character,233,,,sweden_(hetalia),character,261,1
lunar_phases,general,233,,,moon_phases,general,1425,1
money_hold,general,233,,,tucked_money,general,890,1
silence_suzuka,character,233,,,silence_suzuka_(umamusume),character,5224,1
very_perky_breasts,general,233,,,pointy_breasts,general,1518,1
hosomi_(girls_und_panzer),character,232,,,hosomi_shizuko,character,204,1
kiss_meme_chart,general,232,,,kiss_chart,general,267,1
samantha_samsung,character,232,,,samsung_sam,character,454,1
barrett_m107,general,231,,,barrett_m82,general,437,1
machi_(hunter_x_hunter),character,231,,,machi_komacine,character,359,1
nio_(granblue_fantasy),character,231,,,niyon_(granblue_fantasy),character,313,1
pedicure,general,231,,,applying_pedicure,general,494,1
calumon,character,230,,,culumon,character,682,1
five-seven_(gun),general,230,,,fn_five-seven,general,254,1
memory,general,230,,,remembering,general,476,1
haunting_ground,copyright,229,,,demento,copyright,265,1
cowter,general,228,,,couter,general,981,1
kohak_hearts,character,228,,,kohaku_hearts,character,259,1
samanta_(samsung),general,228,,,samsung_sam,character,454,1
bookcase,general,227,,,bookshelf,general,23778,1
ophilia_(octopath_traveler),character,226,,,ophilia_clement,character,81,0
saber_(fate/samurai_remnant),character,226,,,yamato_takeru_(fate),character,1040,1
burning_background,general,225,,,fiery_background,general,868,1
fellatio_under_veil,general,225,,,fellatio_under_mask,general,652,1
holding_guitar_pick,general,225,,,holding_plectrum,general,2093,1
tristan_(fairy_knight)_(fate),character,225,,,baobhan_sith_(fate),character,6439,1
elizabeth_f_beurling,character,224,,,elizabeth_f._beurling,character,228,1
gauntlet,general,224,,,gauntlets,general,69562,1
makuhari-chan,character,224,,,magical_mirai_miku_(2016),character,338,1
osakabe-hime_(swimsuit_archer)_(fate),character,224,,,osakabehime_(swimsuit_archer)_(fate),character,264,1
barbed_penis,general,223,,,spiked_penis,general,1106,1
floaties,general,223,,,inflatable_armbands,general,447,1
hair_pom_pom,general,223,,,pom_pom_hair_ornament,general,9696,1
pozemka_(arknights),character,223,,,pozyomka_(arknights),character,862,1
minazuki_kyoko,character,222,,,minazuki_kyouko,alias,213,1
ronin_(sekaiju),general,222,,,bushidou_(sekaiju),character,331,1
samurai_(sekaiju),general,222,,,bushidou_(sekaiju),character,331,1
shoujo_bubble,general,222,,,bishie_sparkle,general,493,1
armpit_spreading,general,221,,,spread_armpit,general,990,1
brave_perspective,general,221,,,sunrise_stance,general,307,1
drinking_water_fountain,general,221,,,drinking_fountain,general,314,1
schematics,general,221,,,blueprint_(object),general,435,1
spoken_emoticon,general,221,,,spoken_expression,general,1513,1
ghost_stories,copyright,220,,,gakkou_no_kaidan_(anime),copyright,286,1
power_board,general,219,,,power_strip,general,364,1
reizyo_(blue_archive),character,219,,,reijo_(blue_archive),character,954,1
sheer_bodysuit,general,219,,,see-through_bodysuit,general,1409,1
simon_riley,character,219,,,ghost_(modern_warfare_2),character,1080,1
stoat_ears,general,219,,,weasel_ears,general,1905,1
avatar_icon,general,218,,,profile_picture,general,619,1
bunny_earrings,general,218,,,rabbit_earrings,general,424,1
jean_shorts,general,218,,,denim_shorts,general,50893,1
lady_dimitrescu,character,218,,,alcina_dimitrescu,character,1315,1
marpat,general,218,,,digital_camouflage,general,524,1
ace_attorney_4,copyright,217,,,apollo_justice:_ace_attorney,copyright,818,1
beastiality,general,217,,,bestiality,general,30784,1
female_protagonist_(pokemon_sv),character,217,,,juliana_(pokemon),character,3905,1
horkeu_kamui_(tokyo_houkago_summoners),character,217,,,horkeu_kamui,character,401,1
theresa_apocalypse_(starlit_astrologos),character,217,,,zhuge_kongming_(honkai_impact),character,360,1
wanibuchi_akari,character,217,,,akari_(blue_archive),character,628,1
yorha_commander,character,217,,,commander_(nier:automata),character,275,0
25_miku,character,216,,,25-ji_miku,character,717,1
baki_the_grappler,general,216,,,grappler_baki,copyright,438,1
emotionless,general,216,,,expressionless,general,170013,1
skies_of_arcadia,copyright,216,,,eternal_arcadia,copyright,322,1
gold_hair,general,214,,,blonde_hair,general,0,1
hiyoshi_aoi,character,214,,,piyotan_(girls_und_panzer),character,264,1
irie_(angel_beats!),character,214,,,irie_miyuki,character,304,1
no-face_(spirited_away),character,214,,,kaonashi,character,283,1
republic_of_china_(post-1949),general,214,,,taiwan,general,314,1
sealing_wax,general,214,,,wax_seal,general,951,1
swim_cap_removed,general,214,,,unworn_swim_cap,general,311,0
whitebeard_(one_piece),character,214,,,edward_newgate,character,366,1
merlin_(fate/prototype)_(swimsuit_pretender),character,213,,,lady_avalon_(fate),character,644,1
refill_sage,character,213,,,raine_sage,character,302,1
safety_vest,general,213,,,high-visibility_vest,general,942,1
dai_gyakuten_saiban,copyright,212,,,the_great_ace_attorney,copyright,1512,1
flying_skull,general,212,,,floating_skull,general,992,1
gyakuten_saiban_4,copyright,212,,,apollo_justice:_ace_attorney,copyright,818,1
konoe_mina,character,212,,,mina_(blue_archive),character,491,1
mastersmith_(ragnarok_online),general,212,,,whitesmith_(ragnarok_online),character,612,1
soul_hackers,copyright,212,,,devil_summoner:_soul_hackers,copyright,363,0
postbox,general,211,,,postbox_(outgoing_mail),general,369,1
hakui_koyori_(swimsuit),character,210,,,hakui_koyori_(summer),character,565,1
john_mactavish,character,210,,,soap_(modern_warfare_2),character,912,1
alkekengi,general,208,,,chinese_lantern_(plant),general,327,1
hozuki_(plant),general,208,,,chinese_lantern_(plant),general,327,1
lifting_blanket,general,208,,,lifting_covers,general,534,1
model_car,general,208,,,toy_car,general,449,1
physalis_(plant),general,208,,,chinese_lantern_(plant),general,327,1
red_army,general,208,,,soviet_army,general,514,1
roderich_edelstein,character,208,,,austria_(hetalia),character,243,0
bandaged_feet,general,207,,,bandaged_foot,general,1230,1
megakabuterimon,character,207,,,atlurkabuterimon,character,397,1
shiro_(tokyo_houkago_summoners),character,207,,,motoori_shiro,character,397,1
eyewear_chain,general,206,,,eyewear_strap,general,4104,1
fishman,general,206,,,fish_boy,general,1502,1
genius_sage,character,205,,,genis_sage,character,132,1
machinedramon,character,205,,,mugendramon,character,523,1
satono_diamond,character,205,,,satono_diamond_(umamusume),character,4790,1
bicep_slap,general,204,,,bras_d'honneur,,,1
mc2_(housamo),character,204,,,protagonist_2_(housamo),character,458,1
megpoid_(vocaloid3),character,204,,,gumi_(v3_megpoid),character,248,1
tamada_(girls_und_panzer),character,204,,,tamada_tamaki,character,197,1
to_aru_kagaku_no_railgun,copyright,204,,,toaru_kagaku_no_railgun,copyright,20883,1
tree_of_life,general,204,,,sefirot,general,234,1
cheers_(gesture),general,203,,,toasting_(gesture),general,713,1
launch_(bad)_(dragon_ball),character,203,,,lunch_(bad)_(dragon_ball),character,271,1
sistine_fiber,character,203,,,sistine_fibel,character,272,1
^p^,general,202,,,^q^,general,258,1
panzer_vi_ausf_b_tiger_ii,general,202,,,tiger_ii,general,217,1
pzkpfw_vi_ausf_b_tiger_ii,general,202,,,tiger_ii,general,217,1
shiranui_kaya,character,202,,,kaya_(blue_archive),character,515,1
yakushi_saya,character,202,,,saya_(blue_archive),character,341,1
material-d,character,201,,,lord_dearche,character,268,1
star_wars_episode_vii,copyright,201,,,star_wars:_the_force_awakens,copyright,235,1
nakatsukasa_kirino,character,200,,,kirino_(blue_archive),character,1166,1
nekomimi,general,200,,,cat_ears,general,412530,1
censored_finger,general,199,,,censored_gesture,general,320,1
claude_kenni,character,199,,,claude_c._kenny,character,233,1
holographic_shield,general,199,,,energy_shield,general,298,1
idol_(vtuber_group),copyright,199,,,idol_corp,copyright,1187,1
master_2_(housamo),character,199,,,protagonist_2_(housamo),character,458,1
moon_stick,general,199,,,moon_stick_(sailor_moon),general,43,1
object_kiss,general,199,,,kissing_object,general,365,1
open_sweater,general,199,,,open_cardigan,general,22531,1
panty_on_penis,general,199,,,panties_on_penis,general,1105,1
sister_of_battle,character,199,,,adepta_sororitas,character,560,1
yura_of_the_hair,character,199,,,sakasagami_no_yura,character,223,1
hair_band,general,198,,,hairband,general,0,1
restaurant_booth,general,198,,,booth_seating,general,1185,1
talentless_nana,copyright,198,,,munou_na_nana,copyright,290,1
bandaged_eyes,general,196,,,bandages_over_eyes,general,628,1
blonde_eyelashes,general,196,,,colored_eyelashes,general,36721,1
chest_plate,general,196,,,breastplate,general,38486,1
lining_up,general,196,,,queue,general,313,1
narcissus_(flower),general,196,,,daffodil,general,378,1
biochemist_(ragnarok_online),character,195,,,creator_(ragnarok_online),character,748,1
biohazard_suit,general,195,,,hazmat_suit,general,457,1
star_wars_episode_7,copyright,195,,,star_wars:_the_force_awakens,copyright,235,1
daiwa_scarlet,character,194,,,daiwa_scarlet_(umamusume),character,7615,1
esser,character,194,,,tien_(granblue_fantasy),character,237,1
finger_number,general,194,,,finger_counting,general,840,1
hazard_suit,general,194,,,hazmat_suit,general,457,1
life_jacket,general,194,,,life_vest,general,356,1
bursting_pecs,general,193,,,bursting_pectorals,general,511,1
crusadermon,character,193,,,lordknightmon,character,405,1
insect_boy,general,193,,,arthropod_boy,general,2137,1
puffer_jacket,general,193,,,down_jacket,general,1626,1
blindfold_removed,general,192,,,unworn_blindfold,general,320,1
bloody_arm,general,191,,,blood_on_arm,general,2999,1
bubaigawara_jin,character,191,,,twice_(boku_no_hero_academia),character,101,0
kirin_(mythology),general,191,,,qilin_(mythology),general,539,1
print_obi,general,191,,,print_sash,general,404,1
digiegg,general,190,,,digitama,general,602,1
hitokiri_kamazo,character,190,,,killer_(one_piece),character,362,1
ophanimon,character,190,,,ofanimon,character,390,1
shauna_vayne,character,190,,,vayne_(league_of_legends),character,243,1
inside_spacecraft,general,189,,,spacecraft_interior,general,709,1
male_paizuri,general,189,,,pecjob,general,292,1
pixelated_camouflage,general,189,,,digital_camouflage,general,524,1
caster_lily,character,188,,,medea_(lily)_(fate),alias,285,1
gauge_(piercing),general,188,,,plug_(piercing),general,759,1
persiamon,character,188,,,bastemon,character,407,1
vest_removed,general,188,,,unworn_vest,general,286,1
beastmon,character,187,,,bastemon,character,407,1
chocolate_on_fingers,general,187,,,chocolate_on_hand,general,438,1
gold_ship,character,187,,,gold_ship_(umamusume),character,7842,1
illuminati_symbol,general,187,,,eye_of_providence,general,502,1
pec_fuck,general,187,,,pecjob,general,292,1
pecfuck,general,187,,,pecjob,general,292,1
pig_man,general,187,,,pig_boy,general,384,1
seki_(pokemon),character,187,,,adaman_(pokemon),character,992,1
big_mom_(one_piece),character,186,,,charlotte_linlin,character,299,1
hot_cocoa,general,186,,,hot_chocolate,general,754,1
licking_own_pussy,general,185,,,autocunnilingus,general,214,1
ripped_sweater,general,185,,,torn_sweater,general,762,1
tibetan_sand_fox_(kemono_friends),character,185,,,tibetan_fox_(kemono_friends),character,264,1
land_mine,general,183,,,mine_(weapon),general,426,1
pectoral_envy_(meme),general,183,,,girl_staring_at_guy's_chest_(meme),,,0
all-seeing_eye,general,181,,,eye_of_providence,general,502,1
realization_flash,general,181,,,newtype_flash,general,310,1
rastina,character,180,,,razia,character,259,0
rurutie_(utawarerumono),character,180,,,rulutieh,character,206,0
space_ship,general,180,,,spacecraft,general,7175,1
three_leaves_three_colors,copyright,180,,,sansha_san'you,,,0
coming_out_of_painting,general,179,,,through_painting,general,348,1
coming_out_of_portrait,general,179,,,through_painting,general,348,1
gymnast_leotard,general,179,,,athletic_leotard,general,1732,1
merlin_(fate/prototype)_(swimsuit_pretender)_(second_ascension),character,179,,,lady_avalon_(second_ascension)_(fate),character,383,1
scrapyard,general,179,,,junkyard,general,192,1
amami_nodoka,character,178,,,nodoka_(blue_archive),character,341,1
coliseum,general,178,,,colosseum,general,328,1
garen_crownguard,character,178,,,garen_(league_of_legends),character,286,1
rookie_trainer,character,178,,,aoki_kei,character,200,1
avatar_(ff11),character,177,,,adventurer_(ff11),character,430,1
friday_night_funkin,copyright,177,,,friday_night_funkin',,,0
goat_eyes,general,177,,,horizontal_pupils,general,5708,1
honda_tooru,character,177,,,honda_tohru,character,60,1
houzuki_akane,character,177,,,ema_skye,character,529,1
ibaraki_douji_(fate/grand_order),character,177,,,ibaraki_douji_(fate),character,2746,1
kumuyu,character,177,,,camieux,character,93,1
rocket_pod,general,177,,,missile_pod,general,1705,1
armadillomon,character,176,,,armadimon,character,485,1
grappling_gloves,general,176,,,mma_gloves,general,654,1
launch_(good)_(dragon_ball),character,176,,,lunch_(good)_(dragon_ball),character,229,1
ripped_capelet,general,176,,,torn_capelet,general,601,1
shoe_locker,general,176,,,getabako,general,526,1
tsukuyomi_(boku_no_hero_academia),general,176,,,tokoyami_fumikage,character,385,1
yuu-gi-ou_gx,copyright,176,,,yu-gi-oh!_gx,copyright,6471,1
carrot_pillow,general,175,,,carrot-shaped_pillow,general,265,0
heavenly_hirume,character,175,,,hirume_of_heavenly_incense,character,367,0
vocaloid_(lat-type_ver),general,175,,,lat_model_(mikumikudance),general,175,1
washing_car,general,175,,,washing_vehicle,general,321,1
to_aru_majutsu_no_index,copyright,174,,,toaru_majutsu_no_index,copyright,31288,1
top_(toy),general,174,,,spinning_top,general,303,1
dressing_table,general,173,,,vanity_table,general,437,1
juden_chan,copyright,173,,,fight_ippatsu!_juuden-chan!!,copyright,172,0
transparent_hair,general,173,,,translucent_hair,general,662,1
damslette_(genshin_impact),character,172,,,columbina_(genshin_impact),character,6781,1
demiveemon,character,172,,,chibimon,character,471,1
greater_lophorina_(kemono_friends),character,172,,,superb_bird-of-paradise_(kemono_friends),character,345,0
grubs,general,172,,,larva,general,294,1
hoshiguma_(patrolling_ronin)_(arknights),character,172,,,hoshiguma_(ronin_huntress)_(arknights),character,198,1
kizuki_kokone,character,172,,,athena_cykes,character,709,1
master_roshi,character,172,,,muten_roushi,character,1220,1
momose_taki,character,172,,,momogaa_(girls_und_panzer),character,195,1
snakeskin_print,general,172,,,snake_print,general,1031,1
tokai_teio,character,172,,,tokai_teio_(umamusume),character,5610,1
unfastening_bra,general,172,,,removing_bra,general,719,1
damselette_(genshin_impact),character,171,,,columbina_(genshin_impact),character,6781,1
piano_wire,general,171,,,garrote,general,208,1
miniaturized,general,170,,,minimized,alias,343,1
stething,general,170,,,holding_stethoscope,general,545,1
2p_(nier),character,169,,,2p_(nier:automata),character,417,1
antenna,general,169,,,antennae,general,29207,1
bang_brave_bang_bravern,copyright,169,,,yuuki_bakuhatsu_bang_bravern,copyright,2020,1
bullet_trail,general,169,,,projectile_trail,general,461,1
jimbei,character,169,,,jinbe_(one_piece),character,899,1
magnaangemon,character,169,,,holyangemon,character,325,1
suou_sango,character,169,,,suo_sango,character,827,1
coby_(one_piece),character,168,,,koby_(one_piece),character,376,1
donbee_(food),general,168,,,nissin_donbei,general,168,1
first_emperor_(fate),character,168,,,shi_huang_di_(fate),character,280,1
l96a1,general,168,,,ai_arctic_warfare,general,304,1
qin_shi_huang_(fate),character,168,,,shi_huang_di_(fate),character,280,1
sajyou_ayaka_(fate/prototype),character,168,,,sajou_ayaka_(fate/prototype),character,186,1
yugioh_vrains,copyright,168,,,yu-gi-oh!_vrains,copyright,976,1
belt_bracelet,general,167,,,wrist_belt,general,1232,1
benelli_m1014,general,167,,,benelli_m4,general,214,1
toilet-bound_hanako-kun,copyright,167,,,jibaku_shounen_hanako-kun,copyright,629,1
ice_climbers,character,166,,,ice_climber,copyright,405,1
present,general,166,,,gift,general,52768,1
balflear,character,165,,,balthier,character,49,1
toosaka_rin,character,165,,,tohsaka_rin,character,13343,1
toris_laurinaitis,character,165,,,lithuania_(hetalia),character,239,1
transparent_skin,general,165,,,see-through_body,general,3210,1
fire_horns,general,164,,,fiery_horns,general,1682,1
abruzzi_(kancolle),general,163,,,luigi_di_savoia_duca_degli_abruzzi_(kancolle),character,344,1
aomori_mine,character,163,,,mine_(blue_archive),character,983,1
pokemon_as_food,general,163,,,creature_as_food,general,210,1
spying,general,163,,,peeking,general,5002,1
bunny_ear_headphones,general,162,,,rabbit_ear_headphones,general,689,1
herculeskabuterimon,character,162,,,heraklekabuterimon,character,299,1
kengo_(tokyo_houkago_summoners),character,162,,,takabushi_kengo,character,363,1
road_roller,general,162,,,steamroller,general,187,1
suffering_(arknights),character,162,,,fiammetta_(arknights),character,1316,1
toyota_corolla_levin,general,162,,,toyota_sprinter_trueno,general,249,1
ceres_fauna_(casual),character,161,,,ceres_fauna_(jirai_kei),character,245,1
dresser,general,161,,,chest_of_drawers,general,2092,1
arsalan_(tokyo_houkago_summoners),character,160,,,arsalan_(housamo),character,83,1
huitzilopochtli_(fate),character,160,,,tenochtitlan_(fate),character,1608,1
scholar_(ragnarok_online),general,160,,,professor_(ragnarok_online),character,680,1
the_100_girlfriends_who_really_really_really_really_really_love_you,copyright,160,,,kimi_no_koto_ga_dai_dai_dai_dai_daisuki_na_100-nin_no_kanojo,copyright,3461,1
books,general,159,,,book,general,177844,1
naruhodou_ryuunosuke,character,159,,,ryunosuke_naruhodo,character,606,1
toyota_ae86,general,159,,,toyota_sprinter_trueno,general,249,1
venezia,general,159,,,venice,general,214,1
edge_(ff4),character,158,,,edward_geraldine,character,223,1
feliks_lukasiewicz,character,158,,,poland_(hetalia),character,213,1
kagiroi_(xenoblade),character,158,,,glimmer_(xenoblade),character,534,1
kase-san_and_morning_glories,copyright,158,,,asagao_to_kase-san,copyright,218,1
looking_up_to_magical_girls,copyright,158,,,mahou_shoujo_ni_akogarete,copyright,3219,1
kangel_(needy_streamer_overdose),character,157,,,chouzetsusaikawa_tenshi-chan,character,3822,1
maid_dress,general,157,,,maid,general,215109,1
nazi_eagle,general,157,,,reichsadler,general,528,1
outdoor_unit,general,157,,,condenser_unit,general,641,1
sweater_removed,general,157,,,unworn_sweater,general,335,1
the_gray_garden,copyright,157,,,haiiro_teien,copyright,648,1
the_grey_garden,copyright,157,,,haiiro_teien,copyright,648,1
basch_zwingli,character,156,,,switzerland_(hetalia),character,207,1
m2hb,general,156,,,browning_m2,general,436,1
pen_on_lips,general,156,,,pencil_as_mustache,general,218,1
ribbon_removed,general,156,,,unworn_ribbon,general,274,1
ace_attorney_3,copyright,155,,,phoenix_wright:_ace_attorney_-_trials_and_tribulations,copyright,350,1
bunny_background,general,155,,,rabbit_background,general,322,1
lulu_(tales),character,155,,,rollo_(tales),character,162,1
pokemon_scarlet,copyright,155,,,pokemon_sv,alias,33468,1
shougi_piece,general,155,,,shogi_piece,general,349,1
wifi_symbol,general,155,,,wi-fi_symbol,general,333,1
eden_academy_uniform,general,154,,,eden_academy_school_uniform,general,1419,1
miakis_(gensou_suikoden),character,154,,,miakis_(suikoden),character,161,1
amachi_niya,character,153,,,niya_(blue_archive),character,534,1
command_and_conquer,copyright,153,,,command_&_conquer,,,0
gwynevere_(dark_souls),character,153,,,queen_of_sunlight_gwynevere,character,227,1
pencil_on_lips,general,153,,,pencil_as_mustache,general,218,1
toyota_ae85,general,153,,,toyota_sprinter_trueno,general,249,1
tying_shoes,general,153,,,tying_footwear,general,275,1
charisma_break_(touhou),general,152,,,charisma_guard,general,194,1
demidevimon,character,152,,,picodevimon,character,415,1
diaboromon,character,152,,,diablomon,character,326,1
itonokogiri_keisuke,character,152,,,dick_gumshoe,character,475,1
sunny_gurlukovich,character,152,,,sunny_emmerich,character,165,1
toji_(housamo),character,152,,,sakimori_toji,character,251,1
bunny_ear_legwear,general,151,,,rabbit_ear_legwear,general,231,1
cless_alvein,character,151,,,cress_albane,character,253,1
omgkawaiiangel-chan,character,151,,,chouzetsusaikawa_tenshi-chan,character,3822,1
pien,general,151,,,pleading_face_emoji,general,675,1
riichi_stick,general,151,,,tenbou,general,279,1
shiretoko_tomoko,character,151,,,ragdoll_(boku_no_hero_academia),character,232,1
toy_plane,general,151,,,toy_airplane,general,323,0
federica_n_doglio,character,150,,,federica_n._doglio,character,172,1
for_all_time,copyright,150,,,lovebrush_chronicles,copyright,2064,1
in/spectre,copyright,150,,,kyokou_suiri,copyright,271,1
lyseria_christaria,character,150,,,riselia_ray_crystalia,character,198,1
mejiro_mcqueen,character,150,,,mejiro_mcqueen_(umamusume),character,6543,1
mou_shobou,character,150,,,muu_shuwuu,character,6,0
sayama_saho,character,150,,,sayama_saho_(gibagiba),alias,129,0
scaramouche_(wanderer)_(genshin_impact),character,150,,,wanderer_(genshin_impact),character,11598,1
fu_hua_(garuda),character,149,,,fu_hua_(fenghuang_of_vicissitude),character,565,1
himuro_sena,character,149,,,sena_(blue_archive),character,600,1
horse_armor,general,149,,,barding,general,642,1
naked_randoseru,general,149,,,randoseru,general,26329,1
water_wings_(swim_aid),general,149,,,inflatable_armbands,general,447,1
jet_black_king_of_knights_ver._shinjuku_1999,character,148,,,saber_alter_(ver._shinjuku_1999)_(fate),character,772,1
pokemon_violet,copyright,148,,,pokemon_sv,alias,33468,1
turbografx-16,general,148,,,pc_engine,general,181,1
yugioh_zexal,copyright,148,,,yu-gi-oh!_zexal,copyright,1469,1
bilibili_danmu,general,147,,,danmaku_comments,general,280,1
copy_machine,general,147,,,photocopier,general,246,1
mash_rene_figaro,character,147,,,sabin_rene_figaro,character,339,1
niconico_comments,general,147,,,danmaku_comments,general,280,1
otohana_sumire,character,147,,,sumire_(blue_archive),character,461,1
aricia_testarossa,character,146,,,alicia_testarossa,character,150,1
chrome_(browser),copyright,146,,,google_chrome,copyright,186,1
dracmon,character,146,,,dracumon,character,294,0
drakengard_1,copyright,146,,,drag-on_dragoon_1,copyright,248,0
heart_buckle,general,146,,,heart-shaped_buckle,general,1254,1
heracles_karpusi,character,146,,,greece_(hetalia),character,151,1
hunie_pop,copyright,146,,,huniepop,copyright,138,1
piercings,general,146,,,piercing,general,188172,1
borrowed_pose,general,145,,,pose_imitation,general,863,1
echizen_ryoma,character,145,,,echizen_ryooma,alias,143,0
oniwaka_(housamo),character,145,,,houzouin_oniwaka,character,360,1
queen_hilling,character,145,,,hilling_(ousama_ranking),character,192,1
bow_hair,general,144,,,bow-shaped_hair,general,8733,1
pants_in_boots,general,144,,,pants_tucked_in,general,1980,1
ushiwakamaru_(fate/grand_order),character,144,,,ushiwakamaru_(fate),character,2508,1
wario_land:_the_shake_dimension,copyright,144,,,wario_land:_shake_it!,copyright,207,0
yotsuyu_(ff14),character,144,,,yotsuyu_goe_brutus,character,529,1
#lookingforaunitname_(idolmaster),general,143,,,#unicus_(idolmaster),general,254,1
aircon_condenser,general,143,,,condenser_unit,general,641,1
bellbottoms,general,143,,,bell-bottoms,general,945,1
hyde_(under_night_in-birth),character,143,,,kido_hyde,character,186,1
mobile_phone,general,143,,,cellphone,general,107508,1
relationshipping,general,143,,,shipping_(fandom),general,221,1
saran_wrap,general,143,,,plastic_wrap,general,249,1
testicles_under_clothes,general,143,,,covered_testicles,general,1628,1
utsumi_erise,character,143,,,utsumi_erice,character,959,1
waiting_line,general,143,,,queue,general,313,1
biological_hazard_symbol,general,142,,,biohazard_symbol,general,406,1
birdie_(badminton),general,142,,,shuttlecock,general,200,1
enfield_sa-80,general,142,,,l85,general,407,1
habanero,character,142,,,habanero_pepper,general,151,1
magimirai_miku_(2017),character,142,,,magical_mirai_miku_(2017),character,188,1
puking_rainbows,general,142,,,vomiting_rainbows,general,263,1
urutori,character,142,,,ulthury,character,288,0
izuna,character,141,,,izuna_(gouma_reifuden_izuna),character,161,1
oonuma_kurumi,character,141,,,ohnuma_kurumi,character,251,1
aesc_(third_ascension)_(fate),character,140,,,morgan_le_fay_(water_princess)_(fate),character,440,1
bianca_(pokemon_m05),character,140,,,bianca_(pokemon_heroes),character,260,1
common_race_outfit_(umamusume),general,140,,,starting_future_(umamusume),general,1103,1
magimirai_miku_(2018),character,140,,,magical_mirai_miku_(2018),character,233,1
muskmelon,general,140,,,cantaloupe,general,258,1
polly_esther,character,140,,,pururun_(kyatto_ninden_teyandee),character,158,0
ribcage,general,140,,,ribs,general,17735,1
ammo_clip,general,139,,,clip_(weapon),general,175,1
ro635_(dinergate),character,139,,,banana_(girls'_frontline),,,0
cracked_lens,general,138,,,cracked_glass,general,1437,1
animal_pillow,general,137,,,animal-shaped_pillow,general,253,0
daimidaler:_prince_vs._penguin_empire,copyright,137,,,kenzen_robo_daimidaler,copyright,197,0
raven_(tov),character,137,,,raven_(tales),character,738,1
air_conditioner_condenser,general,136,,,condenser_unit,general,641,1
feather,general,136,,,feathers,general,97925,1
julius_caesar_(fate),character,136,,,gaius_julius_caesar_(fate),character,129,1
kirsten_(arknights),character,136,,,kristen_(arknights),character,322,1
komakaze_rabu,character,136,,,rabu_(blue_archive),character,376,1
ammunition_clip,general,135,,,clip_(weapon),general,175,1
heel_raised,general,135,,,heel_up,general,3720,1
magimirai_miku_(2019),character,135,,,magical_mirai_miku_(2019),character,233,1
nesting_doll,general,135,,,matryoshka_doll,general,262,1
anal_beads_pull,general,134,,,sex_toy_pull,general,467,1
kazuha_(genshin_impact),character,134,,,kaedehara_kazuha,character,4160,1
lucemon_chaos_mode,character,134,,,lucemon_falldown_mode,character,279,1
piedmon,character,134,,,piemon,character,266,1
pumpkinmon,character,134,,,pumpmon,character,316,0
rid_hershel,character,134,,,reid_hershel,character,219,1
siete,character,134,,,seofon_(granblue_fantasy),character,226,1
arcane_ekko,character,133,,,firelight_ekko,character,251,1
cyrus_(octopath_traveler),character,133,,,cyrus_albright,general,83,0
imi_tavor_tar-21,general,133,,,iwi_tavor,general,230,1
parteiadler,general,133,,,reichsadler,general,528,1
sarana,character,133,,,saraana,character,141,0
ace_attorney_6,copyright,132,,,phoenix_wright:_ace_attorney_-_spirit_of_justice,copyright,478,1
avatar_(pso2),character,132,,,protagonist_(pso2),character,159,0
babushka_doll,general,132,,,matryoshka_doll,general,262,1
camera_on_neck,general,132,,,camera_around_neck,general,949,1
cloak_removed,general,132,,,unworn_cloak,general,197,1
delinquent_squatting,general,132,,,slav_squatting,general,423,1
moth_ears,general,132,,,moth_antennae,general,780,1
pengie,character,132,,,pengy_(granblue_fantasy),general,8,1
russian_nesting_doll,general,132,,,matryoshka_doll,general,262,1
stoat_tail,general,132,,,weasel_tail,general,1210,1
beetlemon,character,131,,,blitzmon,character,275,0
dripping_halo,general,131,,,melting_halo,general,1064,1
hair_request,general,131,,,hairstyle_request,meta,492,1
linked_piercings,general,131,,,linked_piercing,general,3152,1
protector_(sekaiju),general,131,,,paladin_(sekaiju),character,222,1
she_wants_to_order_(meme),general,131,,,he_wants_to_order_(meme),general,318,1
shikinami_asuka_langley,character,131,,,souryuu_asuka_langley,character,27609,1
tsukuyomi_(chrono_cross),character,131,,,harle_(chrono_cross),character,199,1
volkswagen_type_1,general,131,,,volkswagen_beetle,general,169,1
apple_bunny,general,130,,,apple_rabbit,general,294,1
beamed_semiquavers,general,130,,,beamed_sixteenth_notes,general,1160,1
fire_jacket,general,130,,,firefighter_jacket,general,484,1
phoenixmon,character,130,,,hououmon,character,258,0
space_puffs,general,130,,,afro_puffs,general,740,1
bulge_on_ass,general,129,,,bulge_to_ass,general,566,1
cctv,general,129,,,security_camera,general,329,1
malcolm_graves,character,129,,,graves_(league_of_legends),character,388,1
senran_kagura_(series),copyright,129,,,senran_kagura,copyright,33254,1
shinku_izumi,character,129,,,cinque_izumi,character,137,1
yankee_squatting,general,129,,,slav_squatting,general,423,1
cum_in_shoe,general,128,,,cum_in_footwear,general,446,1
hairclip_removed,general,128,,,unworn_hairclip,general,272,1
kitakouji_hisui,character,128,,,kitakoji_hisui,character,271,1
marshall_d_teach,character,128,,,marshall_d._teach,character,407,1
mc1_(housamo),character,128,,,protagonist_1_(housamo),character,209,1
rainbow_vomit,general,128,,,vomiting_rainbows,general,263,1
tama_(one_piece),character,128,,,kurozumi_tama,character,347,1
hope_will_someday_go_beyond_the_morning_(project_sekai),general,127,,,negai_wa_itsuka_asa_wo_koete_(project_sekai),general,208,1
hover_board,general,127,,,hoverboard,general,279,1
mael_storm,character,127,,,yoshida_yuki_(korezom),character,130,1
male_underwear_removed,general,127,,,unworn_male_underwear,general,224,1
peter_kirkland,character,127,,,sealand_(hetalia),character,141,1
pixie,general,127,,,fairy,general,25223,1
ultra_seven_(series),copyright,127,,,ultraseven_(series),copyright,231,1
yuto_(yu-gi-oh!),character,127,,,yuuto_(yu-gi-oh!),character,146,0
akiizumi_momiji,character,126,,,momiji_(blue_archive),character,279,1
huge_boobs,general,126,,,huge_breasts,general,610494,1
pabumon,character,126,,,bubbmon,character,257,0
panzer_v_panther,general,126,,,panther_(tank),general,141,1
panzerkampfwagen_panther,general,126,,,panther_(tank),general,141,1
pzkpfw_v_panther,general,126,,,panther_(tank),general,141,1
semiquaver,general,126,,,sixteenth_note,general,345,1
video_card,general,126,,,graphics_card,general,221,1
ah_yes_me_my_girlfriend_and_her_(meme),general,125,,,500_dollar_four_foot_tall_mareep_(meme),general,176,1
jack_in_the_box_(toy),general,125,,,jack-in-the-box,general,207,1
landfill,general,125,,,junkyard,general,192,1
pubg,copyright,125,,,playerunknown's_battlegrounds,,,0
salmon_roe,general,125,,,ikura_(food),general,394,1
yorha_no._2_type_p,character,125,,,2p_(nier:automata),character,417,1
apho_protagonist_(honkai_impact),character,124,,,adam_(honkai_impact),character,159,1
bow_by_hair,general,124,,,bow-shaped_hair,general,8733,1
clockwork_clown_(vocaloid),copyright,124,,,karakuri_pierrot_(vocaloid),copyright,166,1
gyakuten_saiban_6,copyright,124,,,phoenix_wright:_ace_attorney_-_spirit_of_justice,copyright,478,1
kotoha_(mitsuboshi_colors),character,124,,,aoyama_kotoha_(mitsuboshi_colors),character,153,1
loweemon,character,124,,,louwemon,character,179,0
master_1_(housamo),character,124,,,protagonist_1_(housamo),character,209,1
sadik_adnan,character,124,,,turkey_(hetalia),character,136,0
wrecking_yard,general,124,,,junkyard,general,192,1
apron_removed,general,123,,,unworn_apron,general,213,1
ark_uniform_(blue_archive),general,123,,,utnapishtim_operator_uniform_(blue_archive),general,226,1
calmaramon,character,123,,,calamaramon,character,278,0
quatre_(granblue_fantasy),character,123,,,feower_(granblue_fantasy),character,172,1
saotome_meari,character,123,,,saotome_mary,character,287,0
watermill,general,123,,,water_wheel,general,240,1
yae_sakura_(darkbolt_jonin),character,123,,,yae_kasumi,character,167,1
yorha_infantry_squad_commander,character,123,,,commander_(nier:automata),character,275,0
samsung_electronics,copyright,122,,,samsung,copyright,485,1
yowkow_(.hack//),character,122,,,alkaid_(.hack//),character,143,1
argonavis_from_bang_dream!,copyright,121,,,from_argonavis,copyright,190,1
box_trap,general,121,,,drop_trap,general,163,1
horn_pose,general,121,,,horns_pose,general,727,1
lobomon,character,121,,,wolfmon,character,241,0
midorikawa_retasu,character,121,,,midorikawa_lettuce,character,204,0
ro635,general,121,,,colt_9mm_smg,general,193,1
sousaki_shino,character,121,,,mandalay_(boku_no_hero_academia),character,218,1
yugo_(yu-gi-oh!),character,121,,,yuugo_(yu-gi-oh!),character,131,0
bloody_leg,general,120,,,blood_on_leg,general,1909,1
elvetie,character,120,,,erubetie,character,140,1
gyakuten_saiban_3,copyright,120,,,phoenix_wright:_ace_attorney_-_trials_and_tribulations,copyright,350,1
hyuuga_minoru,character,120,,,hinata_minoru,character,143,1
magimirai_miku_(2021),character,120,,,magical_mirai_miku_(2021),character,264,1
mo_dao_zu_shi,copyright,120,,,modao_zushi,copyright,5026,1
olim_(pokemon),character,120,,,sada_(pokemon),character,361,1
trails_of_cold_steel_iv,copyright,120,,,sen_no_kiseki_iv,copyright,887,1
apollonia_vaar,character,119,,,black_knight_(granblue_fantasy),character,121,1
desert_pattern,general,119,,,desert_camouflage,general,253,1
evangelion,copyright,119,,,neon_genesis_evangelion,copyright,53002,1
garbage,general,119,,,trash,general,1328,1
m32,general,119,,,milkor_mgl,general,175,1
magic_skirt,general,119,,,convenient_skirt,general,247,1
moulting,general,119,,,shedding,general,221,1
shuujin_academy_uniform,general,119,,,shuujin_academy_school_uniform,general,1436,1
teppeki_skirt,general,119,,,convenient_skirt,general,247,1
awata_kaoruko,character,118,,,bubble_girl_(boku_no_hero_academia),character,131,1
eagle_marin,character,118,,,aquila_marin,character,10,1
enjou_kouhai_oshiego_wa_elf_ryuu_ningyo_jinrou,copyright,118,,,enjo_kouhai,copyright,386,1
quaver_rest,general,118,,,eighth_rest,general,62,1
belly_poke,general,117,,,poking_belly,general,331,1
cellophane_(boku_no_hero_academia),general,117,,,sero_hanta,character,299,1
mighty_no._3,character,117,,,dynatron_(mighty_no._9),character,164,0
okita_souji_(alter_swimsuit_saber)_(fate),character,117,,,okita_souji_alter_(swimsuit_saber)_(fate),character,205,1
sheer_panties,general,117,,,see-through_panties,general,1532,1
black_flame,general,116,,,black_fire,general,528,1
butterfly_knife,general,116,,,balisong,general,161,1
mika_schmidt,character,116,,,mika_(genshin_impact),character,379,1
splatterscope_(splatoon),general,116,,,splat_charger_(splatoon),general,328,1
camera_hanging_from_neck,general,114,,,camera_around_neck,general,949,1
headband_removed,general,114,,,unworn_headband,general,175,0
kouhai-chan_(yomu_(sgt_epper)),character,114,,,kouhai-chan_(douki-chan),character,251,1
shark_girl_(azuumori),character,114,,,mako_(azuumori),character,132,0
sig_sauer_p226,general,114,,,sig_p220/p226,general,189,1
tailman_(boku_no_hero_academia),general,114,,,ojiro_mashirao,character,277,1
teabagging_(sexual),general,114,,,testicles_on_face,general,452,1
crotchet,general,113,,,quarter_note,general,1530,1
hoplite_(sekaiju),general,113,,,phalanx_(sekaiju),character,139,1
neemon,character,113,,,neamon,character,276,0
oura_kanako,character,113,,,oora_kanako,character,142,1
ripped_hakama,general,113,,,torn_hakama,general,175,1
ripped_necktie,general,113,,,torn_necktie,general,333,1
three-color_desert_(camo),general,113,,,desert_camouflage,general,253,1
tri-color_desert,general,113,,,desert_camouflage,general,253,1
beginner_driver_mark,general,112,,,shoshinsha_mark,general,462,1
cloche_(tableware),general,112,,,serving_dome,general,268,1
cz-75,general,112,,,cz_75,general,211,1
head_screw,general,112,,,screw_in_head,general,844,1
holding_bunny,general,112,,,holding_rabbit,general,691,1
in_hood,general,112,,,hood_basket,general,179,1
nemo_(pokemon),character,112,,,nemona_(pokemon),character,2685,1
school_girl,general,112,,,school_uniform,general,1006204,1
sleeping_beauty_(sinoalice),general,112,,,briar_rose_(sinoalice),character,172,0
archerko,character,111,,,archerko_(himura_kiseki),character,136,1
asymmetrical_irises,general,111,,,mismatched_irises,general,237,1
bunny_earmuffs,general,111,,,rabbit_earmuffs,general,211,1
polygonal,general,111,,,low_poly,general,594,1
pseudo-geto,character,111,,,getou_suguru_(kenjaku),alias,274,1
sig_550,general,111,,,sig_sg550,general,131,1
bunny_ornament,general,110,,,rabbit_ornament,general,634,1
character-shaped_food,general,110,,,character-themed_food,general,1079,1
crotchet_rest,general,110,,,quarter_rest,general,62,1
cue_ball,general,110,,,billiard_ball,general,952,1
kaoruko_awata,character,110,,,bubble_girl_(boku_no_hero_academia),character,131,1
psx,general,110,,,playstation_1,general,249,1
short_front_long_back_skirt,general,110,,,high-low_skirt,general,1487,1
ellias_ainsworth,character,109,,,elias_ainsworth,character,188,0
navel_ring,general,109,,,navel_piercing,general,19985,1
ps1,general,109,,,playstation_1,general,249,1
square_halo,general,109,,,rectangular_halo,general,3504,1
swimsuit_of_perpetual_summer_ver.02,general,109,,,mash_kyrielight_(swimsuit_of_perpetual_summer_ver.02),character,219,1
tanuki_boy,general,109,,,raccoon_boy,general,1093,1
the_executioner_and_her_way_of_life,copyright,109,,,shokei_shoujo_no_virgin_road,copyright,151,1
untied_shoes,general,109,,,untied_footwear,general,302,1
alfyn_(octopath_traveler),character,108,,,alfyn_greengrass,general,60,0
cs_perrault,character,108,,,perrault_(last_origin),character,166,0
diamond_shaped_buttons,general,108,,,diamond_button,general,8062,1
head_bolt,general,108,,,screw_in_head,general,844,1
kitaouji_sakura,character,108,,,kitaoji_sakura,character,132,1
megagargomon,character,108,,,saintgalgomon,character,219,0
orianna_reveck,character,108,,,orianna_(league_of_legends),character,156,1
otose_kotama,character,108,,,kotama_(blue_archive),character,474,1
polka_dot_hat,general,108,,,polka_dot_headwear,general,2270,1
solf_j_kimblee,character,108,,,solf_j._kimblee,character,118,1
standing_on_broom,general,108,,,broom_surfing,general,215,1
ai_(aria),character,107,,,aino_ai,character,134,0
creampie_eating,general,107,,,felching,general,274,1
gian_(doraemon),character,107,,,gouda_takeshi,character,161,1
iguana_(animal),general,107,,,iguana,general,115,1
march_hare,character,107,,,march_hare_(alice_in_wonderland),character,50,1
master_4_(tokyo_houkago_summoners),character,107,,,protagonist_4_(housamo),character,370,1
nurnberg_(azur_lane),character,107,,,nuernberg_(azur_lane),character,32,1
nz_75,general,107,,,cz_75,general,211,1
shirt_half_tucked_in,general,107,,,shirt_partially_tucked_in,general,1277,1
blazer_removed,general,106,,,unworn_blazer,general,155,1
exhaust_hood,general,106,,,kitchen_hood,general,174,1
jaian_(doraemon),character,106,,,gouda_takeshi,character,161,1
tongari_corn,general,106,,,bugles_(food),general,105,1
window_writing,general,106,,,glass_writing,general,612,1
cardigan_removed,general,105,,,unworn_cardigan,general,229,1
kise_sacchan,character,105,,,kise_saki,character,123,1
pegasusmon,character,105,,,pegasmon,character,184,0
bolt_in_head,general,104,,,screw_in_head,general,844,1
magical_girl_site,copyright,104,,,mahou_shoujo_site,copyright,126,1
side_mirror,general,104,,,side-view_mirror,general,277,1
sig_sauer_p220,general,104,,,sig_p220/p226,general,189,1
untied_boots,general,104,,,untied_footwear,general,302,1
cassiopeia_du_couteau,character,103,,,cassiopeia_(league_of_legends),character,142,1
hephaestus_(tokyo_houkago_summoners),character,103,,,hephaestus_(housamo),character,254,1
nippon_housou_kyoukai,copyright,103,,,nhk_(broadcaster),copyright,138,1
spirit_horse,general,103,,,shouryouuma,general,125,1
btr,general,102,,,armored_personnel_carrier,general,425,1
bunny_bag,general,102,,,rabbit_bag,general,289,1
nekoarc_chaos,character,102,,,neco-arc_chaos,character,100,1
riou_(gensou_suikoden),character,102,,,riou_(suikoden),character,146,1
twin_tails,general,102,,,twintails,general,0,1
biohazard_1,copyright,101,,,resident_evil_1,copyright,474,1
cutoff_line,general,101,,,cut-here_line,general,540,1
earring_removed,general,101,,,unworn_earring,general,186,0
gotsumon,character,101,,,gottsumon,character,237,0
hailey_thomas,general,101,,,misora_inaho,character,167,1
hanuma_makoto,character,101,,,makoto_(blue_archive),character,948,1
jarvan_lightshield_iv,character,101,,,jarvan_iv_(league_of_legends),character,137,1
kon_(fate),character,101,,,con_(fate),character,237,0
lrl,character,101,,,lrl_(last_origin),character,188,1
lyon_(gensou_suikoden),character,101,,,lyon_(suikoden),character,108,0
orion_(super_archer)_(fate),character,101,,,super_orion_(fate),character,190,1
otherside_picnic,copyright,101,,,urasekai_picnic,copyright,348,1
princess_knight_(tezuka),copyright,101,,,ribbon_no_kishi,copyright,121,1
transparent_sleeves,general,101,,,see-through_sleeves,general,18211,1
archer_(fate/prototype),character,100,,,gilgamesh_(fate/prototype),character,105,1
art_of_fighting,copyright,100,,,ryuuko_no_ken,copyright,1796,1
arturia_(arknights),character,100,,,virtuosa_(arknights),character,1783,1
bow_removed,general,100,,,unworn_bow,general,350,1
girls_frontline_neural_cloud,general,100,,,girls'_frontline_neural_cloud,,,0
lychee_light_club,copyright,100,,,litchi_hikari_club,copyright,140,1
marchen_madchen,copyright,100,,,maerchen_maedchen,copyright,101,1
rylai_crestfall,character,100,,,crystal_maiden,character,156,1
sig_sauer_p225,general,100,,,sig_p220/p226,general,189,1
