source_tag,source_category,source_posts,target_tag,alias_status,target_category,target_posts,target_has_definition,target_is_alias
stuck_in_wall,general,3913,through_wall,active,general,5277,1,0
conical_flask,general,456,erlenmeyer_flask,active,general,973,1,0
jail_cell,general,455,prison_cell,active,general,1303,1,0
zabaniya_(tokyo_houkago_summoners),character,455,zabaniyya_(housamo),active,character,946,1,0
girder,general,380,steel_beam,active,general,485,1,0
morning_star_(weapon),general,380,spiked_mace,active,general,690,1,0
origa_discordia,character,380,olga_discordia,active,character,624,1,0
v_flower,general,380,flower_(vocaloid),active,character,1087,1,0
cherry_blossom_viewing,general,379,hanami,active,general,972,1,0
fake_fingernails,general,379,fake_nails,active,alias,1923,1,0
sango_(pokemon),character,379,coral_(pokemon),active,character,943,1,0
bunny_mask,general,378,rabbit_mask,active,general,518,1,0
ripped_kimono,general,378,torn_kimono,active,general,796,1,0
shimokura_megu,character,377,megu_(blue_archive),active,character,736,1,0
slice_of_pie,general,376,pie_slice,active,general,620,1,0
white_rabbit_(wonderland),general,376,white_rabbit_(alice_in_wonderland),active,character,812,1,0
flower_viewing,general,375,hanami,active,general,972,1,0
food_on_finger,general,374,food_on_hand,active,general,1064,1,0
iwasama_masami,character,374,iwasawa_masami,active,character,440,1,0
akari_(pokemon_legends:_arceus),character,373,akari_(pokemon),active,character,4237,1,0
hair_buns,general,373,double_bun,active,general,174394,1,0
dlanor_a_knox,character,372,dlanor_a._knox,active,character,466,1,0
gekka_no_kenshi,copyright,369,bakumatsu_rouman,active,copyright,461,1,0
iwasawa,character,369,iwasawa_masami,active,character,440,1,0
doughnut_box,general,368,pastry_box,active,general,519,1,0
flash_suppressor,general,367,muzzle_device,active,general,632,1,0
grumpy_nun_(diva),character,366,strict_nun_(diva),active,character,561,1,0
mai_valentine,character,365,kujaku_mai,active,character,565,1,0
cape_removed,general,364,unworn_cape,active,general,1355,1,0
ffi,copyright,364,final_fantasy_i,active,copyright,573,1,0
fire_emblem_if,copyright,364,fire_emblem_fates,active,copyright,27159,1,0
spider_arms,general,364,arthropod_limbs,active,general,3263,1,0
io_euclase,character,363,io_(granblue_fantasy),active,character,376,1,0
kimono_removed,general,363,unworn_kimono,active,general,495,1,0
yakuza_tattoo,general,363,irezumi,active,general,696,1,0
night_table,general,362,nightstand,active,general,1057,1,0
drink_umbrella,general,361,cocktail_umbrella,active,general,513,1,0
tsuchiya_muuton,character,361,tsuchiya_(girls_und_panzer),active,character,430,1,0
character_keychain,general,359,character_charm,active,general,2370,1,0
ocean_floor,general,359,seafloor,active,general,473,1,0
alternate_race,general,358,alternate_species,active,general,1434,1,0
boxers_pull,general,358,male_underwear_pull,active,general,1940,1,0
chargebolt_(boku_no_hero_academia),general,358,kaminari_denki,active,character,860,1,0
oppai_day,general,358,breasts_day,active,general,617,1,0
hidden_masturbation,general,356,stealth_masturbation,active,general,819,1,0
leaf_on_crotch,general,356,leaf_censor,active,general,461,1,0
meteor_hammer,general,356,ball_and_chain_(weapon),active,general,1256,1,0
yunjin_(genshin_impact),character,356,yun_jin_(genshin_impact),active,character,1022,1,0
lapel_flower,general,355,boutonniere,active,general,875,1,0
pacman_(game),general,355,pac-man_(game),active,copyright,660,1,0
chidori_michiru,character,354,michiru_(blue_archive),active,character,940,1,0
shishidou_izumi,character,354,izumi_(blue_archive),active,character,668,1,0
shizuku_(hunter_x_hunter),character,353,shizuku_murasaki,active,character,577,1,0
fig_leaf_(idiom),general,352,leaf_censor,active,general,461,1,0
kson_(1st_costume),character,352,souchou,active,character,395,1,0
shield_arm,general,352,shield_module,active,general,399,1,0
blood_manipulation,general,351,hemokinesis,active,general,579,1,0
headscissors,general,350,scissorhold,active,general,907,1,0
leaf_on_nipple,general,349,leaf_censor,active,general,461,1,0
natsuiro_matsuri_(loungewear),character,349,natsuiro_matsuri_(matsuri's_day_off),active,,,0,0
kuvira_(granblue_fantasy),character,348,kumbhira_(granblue_fantasy),active,character,618,1,0
bamboo_sprout,general,347,bamboo_shoot,active,general,729,1,0
short_pants,general,347,shorts,active,general,659552,1,0
star_pillow,general,347,star-shaped_pillow,active,general,568,1,0
ocean_bottom,general,346,seafloor,active,general,473,1,0
prosthetic_shield,general,346,shield_module,active,general,399,1,0
senbon-zakura_(vocaloid),copyright,346,senbonzakura_(vocaloid),active,copyright,163,1,0
leona_west,character,345,reona_west,active,character,572,1,0
scarf_removed,general,345,unworn_scarf,active,general,1420,1,0
digifake,general,344,oridigi,active,general,2048,1,0
unbuttoned_pants,general,343,open_fly,active,general,26927,1,0
asymmetrical_earrings,general,342,mismatched_earrings,active,general,1773,1,0
sheer_leotard,general,342,see-through_leotard,active,general,5203,1,0
bow_shirt,general,341,shirt_bow,active,general,1161,1,0
isami_kaede,character,341,kaede_(blue_archive),active,character,1305,1,0
kawawa_shizuko,character,341,shizuko_(blue_archive),active,character,610,1,0
material-s,character,340,stern_the_destructor,active,character,450,1,0
earlobes,general,339,long_earlobes,active,general,1710,1,0
limited/zero_over,character,339,senji_muramasa_(fate),active,character,936,1,0
thalatha_(granblue_fantasy),character,339,threo_(granblue_fantasy),active,character,394,1,0
jounouchi_katsuya,character,338,jonouchi_katsuya,active,character,459,1,0
studded_penis,general,338,spiked_penis,active,general,1106,1,0
yuu-gi-ou_vrains,copyright,338,yu-gi-oh!_vrains,active,copyright,976,1,0
katalina_aryze,character,337,katalina_(granblue_fantasy),active,character,518,1,0
menhera_kei,general,337,yami_kawaii,active,general,1096,1,0
my_hero_academia:_vigilantes,copyright,336,vigilante_-boku_no_hero_academia:_illegals-,active,copyright,587,1,0
violet_(one_piece),character,336,viola_(one_piece),active,character,440,1,0
cat_food,general,335,pet_food,active,general,953,1,0
jon_talbain,character,335,gallon_(vampire),active,character,247,0,0
messaging,general,334,text_messaging,active,general,1560,1,0
blackbeard_(fate),character,333,edward_teach_(fate),active,character,405,1,0
british,general,332,united_kingdom,active,general,460,1,0
hair_tassel,general,332,tassel_hair_ornament,active,general,9250,1,0
arm_in_one_sleeve,general,330,arm_out_of_sleeve,active,general,1234,1,0
mechanical_animal,general,330,robot_animal,active,general,2102,1,0
orie_(under_night_in-birth),character,330,orie_ballardiae_harada,active,character,519,1,0
harada_orie,character,328,orie_ballardiae_harada,active,character,519,1,0
holding_remote,general,328,holding_remote_control,active,general,2113,1,0
dancer_(three_houses),general,327,dancer_(fire_emblem:_three_houses),active,general,482,1,0
puking_cum,general,327,vomiting_cum,active,general,484,1,0
shoe_flower,general,327,footwear_flower,active,general,936,1,0
female_protagonist_(pokemon_legends:_arceus),character,326,akari_(pokemon),active,character,4237,1,0
frioniel,character,326,firion,active,character,501,1,0
half-life,copyright,326,half-life_(series),active,copyright,321,1,0
oono_tsukuyo,character,326,tsukuyo_(blue_archive),active,character,751,1,0
alph_(nanoha),character,324,arf,active,character,337,1,0
x_pasties,general,324,cross_pasties,active,general,2439,1,0
tressa_(octopath_traveler),character,323,tressa_colzione,active,character,99,0,0
janna_windforce,character,321,janna_(league_of_legends),active,character,404,1,0
yami_no_sho,character,321,tome_of_the_night_sky,active,character,351,1,0
fire_emblem:_three_hopes,copyright,320,fire_emblem_warriors:_three_hopes,active,copyright,2411,1,0
punching_at_viewer,general,320,incoming_punch,active,general,1034,1,0
potstickers,general,319,jiaozi,active,general,717,1,0
bludgeoning_angel_dokuro-chan,copyright,318,bokusatsu_tenshi_dokuro-chan,active,copyright,454,0,0
new_driver_mark,general,318,shoshinsha_mark,active,general,462,1,0
standing_on_one_hand,general,318,one_arm_handstand,active,general,671,1,0
book_of_darkness_(nanoha),character,317,tome_of_the_night_sky,active,character,351,1,0
book_of_the_night_sky,character,317,tome_of_the_night_sky,active,character,351,1,0
buch_der_dunkelheit,character,317,tome_of_the_night_sky,active,character,351,1,0
buch_der_nachthimmel,character,317,tome_of_the_night_sky,active,character,351,1,0
single_handstand,general,317,one_arm_handstand,active,general,671,1,0
yaten_no_sho,character,317,tome_of_the_night_sky,active,character,351,1,0
douki-chan_(yomu_(sgt_epper)),character,316,douki-chan_(douki-chan),active,character,620,1,0
hyakkano,copyright,316,kimi_no_koto_ga_dai_dai_dai_dai_daisuki_na_100-nin_no_kanojo,active,copyright,3461,1,0
labelko,character,316,label_girl_(dipp),active,character,605,1,0
levi_russel,character,316,levi_the_slasher,active,character,346,1,0
motimon,character,316,mochimon,active,character,1025,1,0
licking_cheek,general,315,licking_another's_cheek,active,,,0,0
how_clumsy_you_are_miss_ueno,general,314,ueno-san_wa_bukiyou,active,copyright,436,1,0
sound_of_the_sky,copyright,314,sora_no_woto,active,copyright,317,1,0
water_magic,general,314,hydrokinesis,active,general,2289,1,0
faris_nyannyan,character,313,akiha_rumiho,active,character,969,1,0
yorha_type_p_no._2,character,312,2p_(nier:automata),active,character,417,1,0
alexiel_(granblue_fantasy),character,309,godsworn_alexiel,active,character,380,1,0
criminal_photo,general,308,mugshot,active,general,925,1,0
eyewear_slip,general,308,crooked_eyewear,active,general,496,1,0
takemaru_(tokyo_houkago_summoners),character,308,takemaru_(housamo),active,character,483,1,0
akeshiro_rumi,character,306,rumi_(blue_archive),active,character,949,1,0
crescent_moon_symbol,general,306,crescent,active,general,61027,1,0
prison_photo,general,306,mugshot,active,general,925,1,0
bloody_bandages,general,305,blood_on_bandages,active,general,1644,1,0
octopus_wiener,general,305,tako-san_wiener,active,general,602,1,0
regal_bryant,character,305,regal_bryan,active,alias,305,1,0
oki_aoi,character,304,aoi_(blue_archive),active,character,732,1,0
virtual_kaf,copyright,304,kamitsubaki_studio,active,copyright,6081,1,0
wakaba_mark,general,304,shoshinsha_mark,active,general,462,1,0
0.01_condom,general,303,okamoto_condoms,active,general,456,1,0
bsapricot_(vtuber),character,303,apricot_the_lich,active,character,553,1,0
kayama_reijo,character,303,reijo_(blue_archive),active,character,954,1,0
repede,character,303,repede_(tales),active,character,354,1,0
socie_(granblue_fantasy),character,303,societte_(granblue_fantasy),active,character,377,1,0
aegir_(tokyo_houkago_summoners),character,302,aegir_(housamo),active,character,496,1,0
kuujou_holly,character,302,kujo_holy,active,character,21,1,0
macross_frontier:_the_false_songstress,copyright,302,macross_frontier:_itsuwari_no_utahime,active,copyright,318,1,0
maine_(honzuki_no_gekokujou),character,302,myne_(honzuki_no_gekokujou),active,character,577,1,0
pink_obi,general,302,pink_sash,active,general,2100,1,0
renkawa_cherino,character,302,cherino_(blue_archive),active,character,706,1,0
image_fill,general,300,double_exposure,active,general,918,1,0
rozemyne_(honzuki_no_gekokujou),character,300,myne_(honzuki_no_gekokujou),active,character,577,1,0
amazawa_keisuke,character,299,amasawa_keisuke,active,character,460,1,0
minah_(chaesu),character,299,bae_minah_(chaesu),active,character,383,1,0
little_buddy_(splatoon),character,298,smallfry_(splatoon),active,character,826,1,0
off-shoulder_swimsuit,general,298,off-shoulder_one-piece_swimsuit,active,general,1789,1,0
ranking_of_kings,copyright,298,ousama_ranking,active,copyright,771,1,0
aa_gun,general,297,anti-aircraft_gun,active,general,777,1,0
mr._saturn,character,297,doseisan,active,character,446,1,0
sucking_nipples_(male),general,297,sucking_male_nipple,active,general,928,1,0
symphony_regalia,character,297,jakuzure_nonon_(symphony_regalia),active,character,322,1,0
unthinkable_natural_law,general,297,touhou_hisoutensoku,active,copyright,368,1,0
v_flower_(vocaloid4),general,296,flower_(vocaloid4),active,character,795,1,0
weapon_sheet,general,296,weapon_focus,active,general,1654,1,0
flash_hider,general,295,muzzle_device,active,general,632,1,0
ikekura_marina,character,295,marina_(blue_archive),active,character,678,1,0
mochi_pounding,general,295,mochitsuki,active,general,506,1,0
matthew_williams,character,294,canada_(hetalia),active,character,412,1,0
fairy_maid,character,293,fairy_maid_(touhou),active,character,389,1,0
godguard_brodia,character,293,godsworn_alexiel,active,character,380,1,0
hand_seal,general,293,kuji-in,active,general,1725,1,0
naruhodou_minuki,character,293,trucy_wright,active,character,775,1,0
jean_gunnhildr,character,292,jean_(genshin_impact),active,character,4306,1,0
looking_over_shoulder,general,292,looking_back,active,general,454688,1,0
emilia_leblanc,character,291,leblanc_(league_of_legends),active,character,368,1,0
imi_uzi,general,290,uzi,active,general,406,1,0
kurimura_airi,character,290,airi_(blue_archive),active,character,1817,1,0
sakura_wars:_so_long_my_love,copyright,290,sakura_taisen_v,active,copyright,429,1,0
komurasaki_(one_piece),character,288,kouzuki_hiyori,active,character,462,1,0
little_red_riding_hood_(sinoalice),character,288,red_riding_hood_(sinoalice),active,character,365,0,0
suzuki_maria,character,288,suzuki_(girls_und_panzer),active,character,389,1,0
aleksandra_i_pokryshkin,character,287,aleksandra_i._pokryshkin,active,character,381,1,0
ragnarok_m:_eternal_love,copyright,287,ragnarok_masters,active,copyright,800,1,0
the_emperor_(arknights),character,287,emperor_(arknights),active,character,393,1,0
yuuki_aine,character,287,yuki_aine,active,character,399,1,0
middle_split,general,286,straddle_split,active,general,0,0,0
urtoriy,character,284,ulthury,active,character,288,0,0
dropout_idol_fruit_tart,copyright,283,ochikobore_fruit_tart,active,copyright,431,1,0
pool_ball,general,283,billiard_ball,active,general,952,1,0
samurai_(7th_dragon),character,283,samurai_(7th_dragon_series),active,alias,517,1,0
hexer_(sekaiju),general,282,curse_maker,active,character,418,1,0
just_according_to_keikaku,general,282,just_as_planned_(meme),active,general,305,1,0
willard_h_wright,character,282,willard_h._wright,active,character,308,1,0
wz.29,general,282,mauser_98,active,general,798,1,0
heart-shaped_buttons,general,281,heart_button,active,general,4200,1,0
nier_(young),character,281,nier_(brother),active,character,518,1,0
type_38_rifle,general,281,arisaka,active,general,552,1,0
type_99_short_rifle,general,281,arisaka,active,general,552,1,0
circular_border,general,280,round_border,active,general,3453,1,0
material-l,character,280,levi_the_slasher,active,character,346,1,0
piercing_bunny,character,280,scathach_(piercing_bunny)_(fate),active,character,868,1,0
erufuda-san,character,279,elfuda_(elf-san_wa_yaserarenai.),active,character,431,1,0
fireman,character,279,firefighter,active,general,680,1,0
moneybag,general,279,money_bag,active,general,493,1,0
blond_hair,general,278,blonde_hair,active,general,0,1,0
hexcaster_(sekaiju),general,278,curse_maker,active,character,418,1,0
ping_pong_ball,general,278,table_tennis_ball,active,general,378,1,0
retoree,character,278,retoree_(show_by_rock!!),active,character,337,1,0
shiro_(housamo),character,278,motoori_shiro,active,character,397,1,0
type_24_(chiang_kai-shek_rifle),general,277,mauser_98,active,general,798,1,0
frau_bow,character,276,fraw_bow,active,character,376,1,0
type_30_rifle,general,276,arisaka,active,general,552,1,0
type_44_carbine,general,276,arisaka,active,general,552,1,0
50_yen_coin,general,275,holed_coin,active,general,2080,1,0
5_yen_coin,general,275,holed_coin,active,general,2080,1,0
cash_(chinese),general,275,holed_coin,active,general,2080,1,0
special_week,character,275,special_week_(umamusume),active,character,3739,1,0
type_38_carbine,general,275,arisaka,active,general,552,1,0
beaded_panties,general,274,pearl_thong,active,general,1314,1,0
lemillion_(boku_no_hero_academia),general,274,togata_mirio,active,character,517,1,0
when_will_ayumu_make_his_move?,copyright,274,soredemo_ayumu_wa_yosetekuru,active,copyright,557,1,0
yor_forger,character,274,yor_briar,active,character,14147,1,0
blood_on_floor,general,273,blood_on_ground,active,general,2379,1,0
heart-shaped_sunglasses,general,273,heart-shaped_eyewear,active,general,9771,1,0
shougi_no_yatsu,general,273,soredemo_ayumu_wa_yosetekuru,active,copyright,557,1,0
squeaky_mallet,general,273,toy_hammer,active,general,494,1,0
stomach-to-stomach,general,273,belly-to-belly,active,general,1049,1,0
fiora_laurent,character,272,fiora_(league_of_legends),active,character,328,1,0
risa_(ponyo),character,272,lisa_(ponyo),active,character,295,1,0
macross_frontier:_the_wings_of_farewell,copyright,271,macross_frontier:_sayonara_no_tsubasa,active,copyright,292,1,0
oono_kanako,character,271,ohno_kanako,active,general,1,1,0
trading_cards,general,271,trading_card,active,general,8906,1,0
black_magician,character,270,dark_magician,active,character,468,1,0
noise_(crt),general,270,static,active,general,1017,1,0
cruciform_halo,general,269,cross_halo,active,general,2794,1,0
kadenokouji_yukari,character,269,yukari_(blue_archive),active,character,994,1,0
elly_(xenogears),character,268,elhaym_van_houten,active,character,357,1,0
honjitsu_no_shuyaku,general,267,birthday_sash,active,general,514,1,0
ice_manipulation,general,267,cryokinesis,active,general,899,1,0
miyoshi_takane,character,267,takane_(blue_archive),active,character,577,1,0
saimon_(tales),character,267,symonne_(tales),active,character,390,1,0
mizuha_mimori,character,266,mimori_(blue_archive),active,character,630,1,0
corazon_(one_piece),character,265,donquixote_rocinante,active,character,949,1,0
fionna_the_human_girl,character,265,fionna_campbell,active,character,364,1,0
jahy_sama_wa_kujikenai,general,265,jahy-sama_wa_kujikenai!,active,copyright,833,1,0
penis_gag,general,264,dildo_gag,active,general,692,1,0
vertical-striped_kneehighs,general,264,vertical-striped_socks,active,general,1483,1,0
failed_exam,general,263,test_score,active,general,435,1,0
string_figure,general,263,cat's_cradle,active,,,1,0
ace_attorney_5,copyright,262,phoenix_wright:_ace_attorney_-_dual_destinies,active,copyright,575,1,0
armor_removed,general,262,unworn_armor,active,general,395,1,0
exam_score,general,262,test_score,active,general,435,1,0
score_on_paper,general,262,test_score,active,general,435,1,0
studded_dildo,general,262,spiked_dildo,active,general,628,1,0
rein_(fushigiboshi_no_futago_hime),character,261,rein_(futagohime),active,character,425,1,0
dog_walking,general,260,pet_walking,active,general,459,1,0
lopsided_breasts,general,260,asymmetrical_breasts,active,general,418,1,0
pterodactyl,general,260,pterosaur,active,general,468,1,0
scar_through_eyebrow,general,260,eyebrow_cut,active,general,4453,1,0
shaved_ice_flag,general,260,kooribata,active,general,313,1,0
tu_ya_(mao_lian),general,260,aina_(mao_lian),active,character,379,1,0
extra_wings,general,259,multiple_wings,active,general,10485,1,0
funny_glasses,general,259,groucho_glasses,active,general,365,1,0
money_in_clothes,general,259,tucked_money,active,general,890,1,0
benjamin_kirby_tennyson,character,258,ben_tennyson,active,character,588,1,0
blackbeard_(one_piece),character,258,marshall_d._teach,active,character,407,1,0
pajamas_party,general,258,sleepover,active,general,426,1,0
tino_vainamoinen,character,258,finland_(hetalia),active,character,283,1,0
yuujin_a_(hololive),character,258,a-chan_(hololive),active,character,826,1,0
bloody_fingers,general,257,blood_on_hands,active,alias,16219,1,0
money_in_cleavage,general,257,tucked_money,active,general,890,1,0
orange_kneehighs,general,257,orange_socks,active,general,2127,1,0
a_bridge_to_the_starry_skies,copyright,256,hoshizora_e_kakaru_hashi,active,copyright,284,1,0
bloody_breasts,general,256,blood_on_breasts,active,general,1113,1,0
plamo,general,256,model_kit,active,general,992,1,0
shirt_pocket,general,256,breast_pocket,active,general,27744,1,0
tracer_fire,general,256,projectile_trail,active,general,461,1,0
cefca_palazzo,character,255,kefka_palazzo,active,general,65,1,0
poor,general,255,poverty,active,general,76,1,0
tonelico_(fate),character,255,aesc_(fate),active,character,1044,1,0
claw_(street_fighter),character,254,vega_(street_fighter),active,character,381,1,0
cumswap,general,254,cum_swap,active,general,599,1,0
medicine_seller_(mononoke),general,254,kusuriuri_(mononoke),active,character,371,1,0
odoroki_housuke,character,254,apollo_justice,active,character,910,1,0
sig_sauer_556,general,254,sig_556,active,general,516,1,0
fine_(fushigiboshi_no_futago_hime),character,253,fine_(futagohime),active,character,490,1,0
harapan,general,253,stomach_punch,active,general,784,1,0
kengo_(housamo),character,253,takabushi_kengo,active,character,363,1,0
too_many_scars,general,253,scars_all_over,active,general,1422,1,0
chili,general,252,chili_pepper,active,general,1051,1,0
drawing_time,general,252,completion_time,active,general,743,1,0
jennifer_wakeman,character,252,jenny_wakeman,active,character,606,1,0
astro_(astro_boy),character,251,atom_(tetsuwan_atom),active,character,250,1,0
dimple_(mob_psycho_100),character,251,ekubo_(mob_psycho_100),active,character,553,1,0
battle_fist_(boku_no_hero_academia),general,250,kendou_itsuka,active,character,482,1,0
belt_removed,general,250,unworn_belt,active,general,518,1,0
marchen_(album),copyright,250,maerchen_(sound_horizon),active,copyright,257,1,0
torpedo_breasts,general,250,pointy_breasts,active,general,1518,1,0
ardbert_(ff14),character,249,ardbert_hylfyst,active,character,470,1,0
bukamon,character,249,pukamon,active,character,600,1,0
gyakuten_saiban_5,copyright,249,phoenix_wright:_ace_attorney_-_dual_destinies,active,copyright,575,1,0
gawain_(fairy_knight)_(fate),character,248,barghest_(fate),active,character,2913,1,0
hedge_(plant),general,248,hedge,active,general,879,1,0
mc4_(housamo),character,248,protagonist_4_(housamo),active,character,370,1,0
punk-02,character,248,vegapunk_lilith,active,character,629,1,0
scowly_nun_(diva),character,248,strict_nun_(diva),active,character,561,1,0
chinese_window,general,246,lattice,active,general,1093,1,0
ghetsis_harmonia,character,246,ghetsis_(pokemon),active,character,511,1,0
kamyu,character,246,camyu,active,character,250,0,0
boxer_(street_fighter),character,245,balrog_(street_fighter),active,character,313,1,0
dearche_kings_claudia,character,245,lord_dearche,active,character,268,1,0
party_blower,general,245,party_horn,active,general,313,0,0
structural_formula,general,244,chemical_structure,active,general,2480,1,0
girl_(deemo),character,242,alice_(deemo),active,character,261,1,0
muzzle_brake,general,242,muzzle_device,active,general,632,1,0
sekine,character,242,sekine_shiori,active,character,302,1,0
touhou_gouyoku_ibun,copyright,242,sunken_fossil_world,active,copyright,331,1,0
bear_paw_hammer,general,241,paw_stick,active,general,379,1,0
cat_pillow,general,241,cat-shaped_pillow,active,general,350,1,0
nekonyaa,character,241,nekonyaa_(girls_und_panzer),active,character,156,1,0
rockman_x_dive,copyright,241,mega_man_x_dive,active,copyright,1788,1,0
swimsuit_of_perpetual_summer,general,241,mash_kyrielight_(swimsuit_of_perpetual_summer),active,character,625,1,0
red_earth_(game),copyright,240,warzard,active,copyright,350,1,0
gray_background,general,239,grey_background,active,general,0,1,0
lin_yuhsia_(arknights),character,239,lin_(arknights),active,character,848,1,0
gunzo_(tokyo_houkago_summoners),character,238,tamamura_gunzo,active,character,520,1,0
headgear_removed,general,238,unworn_headgear,active,general,277,1,0
priest_staff_(buddhist),general,238,shakujou,active,general,554,1,0
illyasviel_von_einzbern_(swimsuit_archer)_(fate),character,237,illyasviel_von_einzbern_(swimsuit_archer),active,alias,396,1,0
shiraishi_utaha,character,237,utaha_(blue_archive),active,character,674,1,0
uesugi_u_kyouko,character,237,uesugi_u._kyouko,active,character,241,1,0
leg_cling,general,236,hugging_another's_leg,active,,,0,0
press-ups,general,236,push-ups,active,general,689,1,0
thighhigh_boots,general,236,thigh_boots,active,general,125961,1,0
yugioh_sevens,copyright,236,yu-gi-oh!_sevens,active,copyright,653,1,0
yuragi_momoka,character,236,momoka_(blue_archive),active,character,405,1,0
hidden_blade,general,235,concealed_weapon,active,general,525,1,0
master_4_(housamo),character,235,protagonist_4_(housamo),active,character,370,1,0
niyah,character,235,nia_(xenoblade),active,character,4273,1,0
thumb_biting,general,235,biting_own_thumb,active,general,314,1,0
todo_aoi_(jujutsu_kaisen),general,235,toudou_aoi_(jujutsu_kaisen),active,character,678,1,0
cat_bell,general,234,jingle_bell,active,general,51920,1,0
shennong_(tokyo_houkago_summoners),character,234,shennong_(housamo),active,character,390,1,0
berwald_oxenstierna,character,233,sweden_(hetalia),active,character,261,1,0
lunar_phases,general,233,moon_phases,active,general,1425,1,0
money_hold,general,233,tucked_money,active,general,890,1,0
silence_suzuka,character,233,silence_suzuka_(umamusume),active,character,5224,1,0
very_perky_breasts,general,233,pointy_breasts,active,general,1518,1,0
hosomi_(girls_und_panzer),character,232,hosomi_shizuko,active,character,204,1,0
kiss_meme_chart,general,232,kiss_chart,active,general,267,1,0
samantha_samsung,character,232,samsung_sam,active,character,454,1,0
barrett_m107,general,231,barrett_m82,active,general,437,1,0
machi_(hunter_x_hunter),character,231,machi_komacine,active,character,359,1,0
nio_(granblue_fantasy),character,231,niyon_(granblue_fantasy),active,character,313,1,0
pedicure,general,231,applying_pedicure,active,general,494,1,0
calumon,character,230,culumon,active,character,682,1,0
five-seven_(gun),general,230,fn_five-seven,active,general,254,1,0
memory,general,230,remembering,active,general,476,1,0
haunting_ground,copyright,229,demento,active,copyright,265,1,0
cowter,general,228,couter,active,general,981,1,0
kohak_hearts,character,228,kohaku_hearts,active,character,259,1,0
samanta_(samsung),general,228,samsung_sam,active,character,454,1,0
bookcase,general,227,bookshelf,active,general,23778,1,0
ophilia_(octopath_traveler),character,226,ophilia_clement,active,character,81,0,0
saber_(fate/samurai_remnant),character,226,yamato_takeru_(fate),active,character,1040,1,0
burning_background,general,225,fiery_background,active,general,868,1,0
fellatio_under_veil,general,225,fellatio_under_mask,active,general,652,1,0
holding_guitar_pick,general,225,holding_plectrum,active,general,2093,1,0
tristan_(fairy_knight)_(fate),character,225,baobhan_sith_(fate),active,character,6439,1,0
elizabeth_f_beurling,character,224,elizabeth_f._beurling,active,character,228,1,0
gauntlet,general,224,gauntlets,active,general,69562,1,0
makuhari-chan,character,224,magical_mirai_miku_(2016),active,character,338,1,0
osakabe-hime_(swimsuit_archer)_(fate),character,224,osakabehime_(swimsuit_archer)_(fate),active,character,264,1,0
barbed_penis,general,223,spiked_penis,active,general,1106,1,0
floaties,general,223,inflatable_armbands,active,general,447,1,0
hair_pom_pom,general,223,pom_pom_hair_ornament,active,general,9696,1,0
pozemka_(arknights),character,223,pozyomka_(arknights),active,character,862,1,0
minazuki_kyoko,character,222,minazuki_kyouko,active,alias,213,1,0
ronin_(sekaiju),general,222,bushidou_(sekaiju),active,character,331,1,0
samurai_(sekaiju),general,222,bushidou_(sekaiju),active,character,331,1,0
shoujo_bubble,general,222,bishie_sparkle,active,general,493,1,0
armpit_spreading,general,221,spread_armpit,active,general,990,1,0
brave_perspective,general,221,sunrise_stance,active,general,307,1,0
drinking_water_fountain,general,221,drinking_fountain,active,general,314,1,0
schematics,general,221,blueprint_(object),active,general,435,1,0
spoken_emoticon,general,221,spoken_expression,active,general,1513,1,0
ghost_stories,copyright,220,gakkou_no_kaidan_(anime),active,copyright,286,1,0
power_board,general,219,power_strip,active,general,364,1,0
reizyo_(blue_archive),character,219,reijo_(blue_archive),active,character,954,1,0
sheer_bodysuit,general,219,see-through_bodysuit,active,general,1409,1,0
simon_riley,character,219,ghost_(modern_warfare_2),active,character,1080,1,0
stoat_ears,general,219,weasel_ears,active,general,1905,1,0
avatar_icon,general,218,profile_picture,active,general,619,1,0
bunny_earrings,general,218,rabbit_earrings,active,general,424,1,0
jean_shorts,general,218,denim_shorts,active,general,50893,1,0
lady_dimitrescu,character,218,alcina_dimitrescu,active,character,1315,1,0
marpat,general,218,digital_camouflage,active,general,524,1,0
ace_attorney_4,copyright,217,apollo_justice:_ace_attorney,active,copyright,818,1,0
beastiality,general,217,bestiality,active,general,30784,1,0
female_protagonist_(pokemon_sv),character,217,juliana_(pokemon),active,character,3905,1,0
horkeu_kamui_(tokyo_houkago_summoners),character,217,horkeu_kamui,active,character,401,1,0
theresa_apocalypse_(starlit_astrologos),character,217,zhuge_kongming_(honkai_impact),active,character,360,1,0
wanibuchi_akari,character,217,akari_(blue_archive),active,character,628,1,0
yorha_commander,character,217,commander_(nier:automata),active,character,275,0,0
25_miku,character,216,25-ji_miku,active,character,717,1,0
baki_the_grappler,general,216,grappler_baki,active,copyright,438,1,0
emotionless,general,216,expressionless,active,general,170013,1,0
skies_of_arcadia,copyright,216,eternal_arcadia,active,copyright,322,1,0
gold_hair,general,214,blonde_hair,active,general,0,1,0
hiyoshi_aoi,character,214,piyotan_(girls_und_panzer),active,character,264,1,0
irie_(angel_beats!),character,214,irie_miyuki,active,character,304,1,0
no-face_(spirited_away),character,214,kaonashi,active,character,283,1,0
republic_of_china_(post-1949),general,214,taiwan,active,general,314,1,0
sealing_wax,general,214,wax_seal,active,general,951,1,0
swim_cap_removed,general,214,unworn_swim_cap,active,general,311,0,0
whitebeard_(one_piece),character,214,edward_newgate,active,character,366,1,0
merlin_(fate/prototype)_(swimsuit_pretender),character,213,lady_avalon_(fate),active,character,644,1,0
refill_sage,character,213,raine_sage,active,character,302,1,0
safety_vest,general,213,high-visibility_vest,active,general,942,1,0
dai_gyakuten_saiban,copyright,212,the_great_ace_attorney,active,copyright,1512,1,0
flying_skull,general,212,floating_skull,active,general,992,1,0
gyakuten_saiban_4,copyright,212,apollo_justice:_ace_attorney,active,copyright,818,1,0
konoe_mina,character,212,mina_(blue_archive),active,character,491,1,0
mastersmith_(ragnarok_online),general,212,whitesmith_(ragnarok_online),active,character,612,1,0
soul_hackers,copyright,212,devil_summoner:_soul_hackers,active,copyright,363,0,0
postbox,general,211,postbox_(outgoing_mail),active,general,369,1,0
hakui_koyori_(swimsuit),character,210,hakui_koyori_(summer),active,character,565,1,0
john_mactavish,character,210,soap_(modern_warfare_2),active,character,912,1,0
alkekengi,general,208,chinese_lantern_(plant),active,general,327,1,0
hozuki_(plant),general,208,chinese_lantern_(plant),active,general,327,1,0
lifting_blanket,general,208,lifting_covers,active,general,534,1,0
model_car,general,208,toy_car,active,general,449,1,0
physalis_(plant),general,208,chinese_lantern_(plant),active,general,327,1,0
red_army,general,208,soviet_army,active,general,514,1,0
roderich_edelstein,character,208,austria_(hetalia),active,character,243,0,0
bandaged_feet,general,207,bandaged_foot,active,general,1230,1,0
megakabuterimon,character,207,atlurkabuterimon,active,character,397,1,0
shiro_(tokyo_houkago_summoners),character,207,motoori_shiro,active,character,397,1,0
eyewear_chain,general,206,eyewear_strap,active,general,4104,1,0
fishman,general,206,fish_boy,active,general,1502,1,0
genius_sage,character,205,genis_sage,active,character,132,1,0
machinedramon,character,205,mugendramon,active,character,523,1,0
satono_diamond,character,205,satono_diamond_(umamusume),active,character,4790,1,0
bicep_slap,general,204,bras_d'honneur,active,,,1,0
mc2_(housamo),character,204,protagonist_2_(housamo),active,character,458,1,0
megpoid_(vocaloid3),character,204,gumi_(v3_megpoid),active,character,248,1,0
tamada_(girls_und_panzer),character,204,tamada_tamaki,active,character,197,1,0
to_aru_kagaku_no_railgun,copyright,204,toaru_kagaku_no_railgun,active,copyright,20883,1,0
tree_of_life,general,204,sefirot,active,general,234,1,0
cheers_(gesture),general,203,toasting_(gesture),active,general,713,1,0
launch_(bad)_(dragon_ball),character,203,lunch_(bad)_(dragon_ball),active,character,271,1,0
sistine_fiber,character,203,sistine_fibel,active,character,272,1,0
^p^,general,202,^q^,active,general,258,1,0
panzer_vi_ausf_b_tiger_ii,general,202,tiger_ii,active,general,217,1,0
pzkpfw_vi_ausf_b_tiger_ii,general,202,tiger_ii,active,general,217,1,0
shiranui_kaya,character,202,kaya_(blue_archive),active,character,515,1,0
yakushi_saya,character,202,saya_(blue_archive),active,character,341,1,0
material-d,character,201,lord_dearche,active,character,268,1,0
star_wars_episode_vii,copyright,201,star_wars:_the_force_awakens,active,copyright,235,1,0
nakatsukasa_kirino,character,200,kirino_(blue_archive),active,character,1166,1,0
nekomimi,general,200,cat_ears,active,general,412530,1,0
censored_finger,general,199,censored_gesture,active,general,320,1,0
claude_kenni,character,199,claude_c._kenny,active,character,233,1,0
holographic_shield,general,199,energy_shield,active,general,298,1,0
idol_(vtuber_group),copyright,199,idol_corp,active,copyright,1187,1,0
master_2_(housamo),character,199,protagonist_2_(housamo),active,character,458,1,0
moon_stick,general,199,moon_stick_(sailor_moon),active,general,43,1,0
object_kiss,general,199,kissing_object,active,general,365,1,0
open_sweater,general,199,open_cardigan,active,general,22531,1,0
panty_on_penis,general,199,panties_on_penis,active,general,1105,1,0
sister_of_battle,character,199,adepta_sororitas,active,character,560,1,0
yura_of_the_hair,character,199,sakasagami_no_yura,active,character,223,1,0
hair_band,general,198,hairband,active,general,0,1,0
restaurant_booth,general,198,booth_seating,active,general,1185,1,0
talentless_nana,copyright,198,munou_na_nana,active,copyright,290,1,0
bandaged_eyes,general,196,bandages_over_eyes,active,general,628,1,0
blonde_eyelashes,general,196,colored_eyelashes,active,general,36721,1,0
chest_plate,general,196,breastplate,active,general,38486,1,0
lining_up,general,196,queue,active,general,313,1,0
narcissus_(flower),general,196,daffodil,active,general,378,1,0
biochemist_(ragnarok_online),character,195,creator_(ragnarok_online),active,character,748,1,0
biohazard_suit,general,195,hazmat_suit,active,general,457,1,0
star_wars_episode_7,copyright,195,star_wars:_the_force_awakens,active,copyright,235,1,0
daiwa_scarlet,character,194,daiwa_scarlet_(umamusume),active,character,7615,1,0
esser,character,194,tien_(granblue_fantasy),active,character,237,1,0
finger_number,general,194,finger_counting,active,general,840,1,0
hazard_suit,general,194,hazmat_suit,active,general,457,1,0
life_jacket,general,194,life_vest,active,general,356,1,0
bursting_pecs,general,193,bursting_pectorals,active,general,511,1,0
crusadermon,character,193,lordknightmon,active,character,405,1,0
insect_boy,general,193,arthropod_boy,active,general,2137,1,0
puffer_jacket,general,193,down_jacket,active,general,1626,1,0
blindfold_removed,general,192,unworn_blindfold,active,general,320,1,0
bloody_arm,general,191,blood_on_arm,active,general,2999,1,0
bubaigawara_jin,character,191,twice_(boku_no_hero_academia),active,character,101,0,0
kirin_(mythology),general,191,qilin_(mythology),active,general,539,1,0
print_obi,general,191,print_sash,active,general,404,1,0
digiegg,general,190,digitama,active,general,602,1,0
hitokiri_kamazo,character,190,killer_(one_piece),active,character,362,1,0
ophanimon,character,190,ofanimon,active,character,390,1,0
shauna_vayne,character,190,vayne_(league_of_legends),active,character,243,1,0
inside_spacecraft,general,189,spacecraft_interior,active,general,709,1,0
male_paizuri,general,189,pecjob,active,general,292,1,0
pixelated_camouflage,general,189,digital_camouflage,active,general,524,1,0
caster_lily,character,188,medea_(lily)_(fate),active,alias,285,1,0
gauge_(piercing),general,188,plug_(piercing),active,general,759,1,0
persiamon,character,188,bastemon,active,character,407,1,0
vest_removed,general,188,unworn_vest,active,general,286,1,0
beastmon,character,187,bastemon,active,character,407,1,0
chocolate_on_fingers,general,187,chocolate_on_hand,active,general,438,1,0
gold_ship,character,187,gold_ship_(umamusume),active,character,7842,1,0
illuminati_symbol,general,187,eye_of_providence,active,general,502,1,0
pec_fuck,general,187,pecjob,active,general,292,1,0
pecfuck,general,187,pecjob,active,general,292,1,0
pig_man,general,187,pig_boy,active,general,384,1,0
seki_(pokemon),character,187,adaman_(pokemon),active,character,992,1,0
big_mom_(one_piece),character,186,charlotte_linlin,active,character,299,1,0
hot_cocoa,general,186,hot_chocolate,active,general,754,1,0
licking_own_pussy,general,185,autocunnilingus,active,general,214,1,0
ripped_sweater,general,185,torn_sweater,active,general,762,1,0
tibetan_sand_fox_(kemono_friends),character,185,tibetan_fox_(kemono_friends),active,character,264,1,0
land_mine,general,183,mine_(weapon),active,general,426,1,0
pectoral_envy_(meme),general,183,girl_staring_at_guy's_chest_(meme),active,,,0,0
all-seeing_eye,general,181,eye_of_providence,active,general,502,1,0
realization_flash,general,181,newtype_flash,active,general,310,1,0
rastina,character,180,razia,active,character,259,0,0
rurutie_(utawarerumono),character,180,rulutieh,active,character,206,0,0
space_ship,general,180,spacecraft,active,general,7175,1,0
three_leaves_three_colors,copyright,180,sansha_san'you,active,,,0,0
coming_out_of_painting,general,179,through_painting,active,general,348,1,0
coming_out_of_portrait,general,179,through_painting,active,general,348,1,0
gymnast_leotard,general,179,athletic_leotard,active,general,1732,1,0
merlin_(fate/prototype)_(swimsuit_pretender)_(second_ascension),character,179,lady_avalon_(second_ascension)_(fate),active,character,383,1,0
scrapyard,general,179,junkyard,active,general,192,1,0
amami_nodoka,character,178,nodoka_(blue_archive),active,character,341,1,0
coliseum,general,178,colosseum,active,general,328,1,0
garen_crownguard,character,178,garen_(league_of_legends),active,character,286,1,0
rookie_trainer,character,178,aoki_kei,active,character,200,1,0
avatar_(ff11),character,177,adventurer_(ff11),active,character,430,1,0
friday_night_funkin,copyright,177,friday_night_funkin',active,,,0,0
goat_eyes,general,177,horizontal_pupils,active,general,5708,1,0
honda_tooru,character,177,honda_tohru,active,character,60,1,0
houzuki_akane,character,177,ema_skye,active,character,529,1,0
ibaraki_douji_(fate/grand_order),character,177,ibaraki_douji_(fate),active,character,2746,1,0
kumuyu,character,177,camieux,active,character,93,1,0
rocket_pod,general,177,missile_pod,active,general,1705,1,0
armadillomon,character,176,armadimon,active,character,485,1,0
grappling_gloves,general,176,mma_gloves,active,general,654,1,0
launch_(good)_(dragon_ball),character,176,lunch_(good)_(dragon_ball),active,character,229,1,0
ripped_capelet,general,176,torn_capelet,active,general,601,1,0
shoe_locker,general,176,getabako,active,general,526,1,0
tsukuyomi_(boku_no_hero_academia),general,176,tokoyami_fumikage,active,character,385,1,0
yuu-gi-ou_gx,copyright,176,yu-gi-oh!_gx,active,copyright,6471,1,0
carrot_pillow,general,175,carrot-shaped_pillow,active,general,265,0,0
heavenly_hirume,character,175,hirume_of_heavenly_incense,active,character,367,0,0
vocaloid_(lat-type_ver),general,175,lat_model_(mikumikudance),active,general,175,1,0
washing_car,general,175,washing_vehicle,active,general,321,1,0
to_aru_majutsu_no_index,copyright,174,toaru_majutsu_no_index,active,copyright,31288,1,0
top_(toy),general,174,spinning_top,active,general,303,1,0
dressing_table,general,173,vanity_table,active,general,437,1,0
juden_chan,copyright,173,fight_ippatsu!_juuden-chan!!,active,copyright,172,0,0
transparent_hair,general,173,translucent_hair,active,general,662,1,0
damslette_(genshin_impact),character,172,columbina_(genshin_impact),active,character,6781,1,0
demiveemon,character,172,chibimon,active,character,471,1,0
greater_lophorina_(kemono_friends),character,172,superb_bird-of-paradise_(kemono_friends),active,character,345,0,0
grubs,general,172,larva,active,general,294,1,0
hoshiguma_(patrolling_ronin)_(arknights),character,172,hoshiguma_(ronin_huntress)_(arknights),active,character,198,1,0
kizuki_kokone,character,172,athena_cykes,active,character,709,1,0
master_roshi,character,172,muten_roushi,active,character,1220,1,0
momose_taki,character,172,momogaa_(girls_und_panzer),active,character,195,1,0
snakeskin_print,general,172,snake_print,active,general,1031,1,0
tokai_teio,character,172,tokai_teio_(umamusume),active,character,5610,1,0
unfastening_bra,general,172,removing_bra,active,general,719,1,0
damselette_(genshin_impact),character,171,columbina_(genshin_impact),active,character,6781,1,0
piano_wire,general,171,garrote,active,general,208,1,0
miniaturized,general,170,minimized,active,alias,343,1,0
stething,general,170,holding_stethoscope,active,general,545,1,0
2p_(nier),character,169,2p_(nier:automata),active,character,417,1,0
antenna,general,169,antennae,active,general,29207,1,0
bang_brave_bang_bravern,copyright,169,yuuki_bakuhatsu_bang_bravern,active,copyright,2020,1,0
bullet_trail,general,169,projectile_trail,active,general,461,1,0
jimbei,character,169,jinbe_(one_piece),active,character,899,1,0
magnaangemon,character,169,holyangemon,active,character,325,1,0
suou_sango,character,169,suo_sango,active,character,827,1,0
coby_(one_piece),character,168,koby_(one_piece),active,character,376,1,0
donbee_(food),general,168,nissin_donbei,active,general,168,1,0
first_emperor_(fate),character,168,shi_huang_di_(fate),active,character,280,1,0
l96a1,general,168,ai_arctic_warfare,active,general,304,1,0
qin_shi_huang_(fate),character,168,shi_huang_di_(fate),active,character,280,1,0
sajyou_ayaka_(fate/prototype),character,168,sajou_ayaka_(fate/prototype),active,character,186,1,0
yugioh_vrains,copyright,168,yu-gi-oh!_vrains,active,copyright,976,1,0
belt_bracelet,general,167,wrist_belt,active,general,1232,1,0
benelli_m1014,general,167,benelli_m4,active,general,214,1,0
toilet-bound_hanako-kun,copyright,167,jibaku_shounen_hanako-kun,active,copyright,629,1,0
ice_climbers,character,166,ice_climber,active,copyright,405,1,0
present,general,166,gift,active,general,52768,1,0
balflear,character,165,balthier,active,character,49,1,0
toosaka_rin,character,165,tohsaka_rin,active,character,13343,1,0
toris_laurinaitis,character,165,lithuania_(hetalia),active,character,239,1,0
transparent_skin,general,165,see-through_body,active,general,3210,1,0
fire_horns,general,164,fiery_horns,active,general,1682,1,0
abruzzi_(kancolle),general,163,luigi_di_savoia_duca_degli_abruzzi_(kancolle),active,character,344,1,0
aomori_mine,character,163,mine_(blue_archive),active,character,983,1,0
pokemon_as_food,general,163,creature_as_food,active,general,210,1,0
spying,general,163,peeking,active,general,5002,1,0
bunny_ear_headphones,general,162,rabbit_ear_headphones,active,general,689,1,0
herculeskabuterimon,character,162,heraklekabuterimon,active,character,299,1,0
kengo_(tokyo_houkago_summoners),character,162,takabushi_kengo,active,character,363,1,0
road_roller,general,162,steamroller,active,general,187,1,0
suffering_(arknights),character,162,fiammetta_(arknights),active,character,1316,1,0
toyota_corolla_levin,general,162,toyota_sprinter_trueno,active,general,249,1,0
ceres_fauna_(casual),character,161,ceres_fauna_(jirai_kei),active,character,245,1,0
dresser,general,161,chest_of_drawers,active,general,2092,1,0
arsalan_(tokyo_houkago_summoners),character,160,arsalan_(housamo),active,character,83,1,0
huitzilopochtli_(fate),character,160,tenochtitlan_(fate),active,character,1608,1,0
scholar_(ragnarok_online),general,160,professor_(ragnarok_online),active,character,680,1,0
the_100_girlfriends_who_really_really_really_really_really_love_you,copyright,160,kimi_no_koto_ga_dai_dai_dai_dai_daisuki_na_100-nin_no_kanojo,active,copyright,3461,1,0
books,general,159,book,active,general,177844,1,0
naruhodou_ryuunosuke,character,159,ryunosuke_naruhodo,active,character,606,1,0
toyota_ae86,general,159,toyota_sprinter_trueno,active,general,249,1,0
venezia,general,159,venice,active,general,214,1,0
edge_(ff4),character,158,edward_geraldine,active,character,223,1,0
feliks_lukasiewicz,character,158,poland_(hetalia),active,character,213,1,0
kagiroi_(xenoblade),character,158,glimmer_(xenoblade),active,character,534,1,0
kase-san_and_morning_glories,copyright,158,asagao_to_kase-san,active,copyright,218,1,0
looking_up_to_magical_girls,copyright,158,mahou_shoujo_ni_akogarete,active,copyright,3219,1,0
kangel_(needy_streamer_overdose),character,157,chouzetsusaikawa_tenshi-chan,active,character,3822,1,0
maid_dress,general,157,maid,active,general,215109,1,0
nazi_eagle,general,157,reichsadler,active,general,528,1,0
outdoor_unit,general,157,condenser_unit,active,general,641,1,0
sweater_removed,general,157,unworn_sweater,active,general,335,1,0
the_gray_garden,copyright,157,haiiro_teien,active,copyright,648,1,0
the_grey_garden,copyright,157,haiiro_teien,active,copyright,648,1,0
basch_zwingli,character,156,switzerland_(hetalia),active,character,207,1,0
m2hb,general,156,browning_m2,active,general,436,1,0
pen_on_lips,general,156,pencil_as_mustache,active,general,218,1,0
ribbon_removed,general,156,unworn_ribbon,active,general,274,1,0
ace_attorney_3,copyright,155,phoenix_wright:_ace_attorney_-_trials_and_tribulations,active,copyright,350,1,0
bunny_background,general,155,rabbit_background,active,general,322,1,0
lulu_(tales),character,155,rollo_(tales),active,character,162,1,0
pokemon_scarlet,copyright,155,pokemon_sv,active,alias,33468,1,0
shougi_piece,general,155,shogi_piece,active,general,349,1,0
wifi_symbol,general,155,wi-fi_symbol,active,general,333,1,0
eden_academy_uniform,general,154,eden_academy_school_uniform,active,general,1419,1,0
miakis_(gensou_suikoden),character,154,miakis_(suikoden),active,character,161,1,0
amachi_niya,character,153,niya_(blue_archive),active,character,534,1,0
command_and_conquer,copyright,153,command_&_conquer,active,,,0,0
gwynevere_(dark_souls),character,153,queen_of_sunlight_gwynevere,active,character,227,1,0
pencil_on_lips,general,153,pencil_as_mustache,active,general,218,1,0
toyota_ae85,general,153,toyota_sprinter_trueno,active,general,249,1,0
tying_shoes,general,153,tying_footwear,active,general,275,1,0
charisma_break_(touhou),general,152,charisma_guard,active,general,194,1,0
demidevimon,character,152,picodevimon,active,character,415,1,0
diaboromon,character,152,diablomon,active,character,326,1,0
itonokogiri_keisuke,character,152,dick_gumshoe,active,character,475,1,0
sunny_gurlukovich,character,152,sunny_emmerich,active,character,165,1,0
toji_(housamo),character,152,sakimori_toji,active,character,251,1,0
bunny_ear_legwear,general,151,rabbit_ear_legwear,active,general,231,1,0
cless_alvein,character,151,cress_albane,active,character,253,1,0
omgkawaiiangel-chan,character,151,chouzetsusaikawa_tenshi-chan,active,character,3822,1,0
pien,general,151,pleading_face_emoji,active,general,675,1,0
riichi_stick,general,151,tenbou,active,general,279,1,0
shiretoko_tomoko,character,151,ragdoll_(boku_no_hero_academia),active,character,232,1,0
toy_plane,general,151,toy_airplane,active,general,323,0,0
federica_n_doglio,character,150,federica_n._doglio,active,character,172,1,0
for_all_time,copyright,150,lovebrush_chronicles,active,copyright,2064,1,0
in/spectre,copyright,150,kyokou_suiri,active,copyright,271,1,0
lyseria_christaria,character,150,riselia_ray_crystalia,active,character,198,1,0
mejiro_mcqueen,character,150,mejiro_mcqueen_(umamusume),active,character,6543,1,0
mou_shobou,character,150,muu_shuwuu,active,character,6,0,0
sayama_saho,character,150,sayama_saho_(gibagiba),active,alias,129,0,0
scaramouche_(wanderer)_(genshin_impact),character,150,wanderer_(genshin_impact),active,character,11598,1,0
fu_hua_(garuda),character,149,fu_hua_(fenghuang_of_vicissitude),active,character,565,1,0
himuro_sena,character,149,sena_(blue_archive),active,character,600,1,0
horse_armor,general,149,barding,active,general,642,1,0
naked_randoseru,general,149,randoseru,active,general,26329,1,0
water_wings_(swim_aid),general,149,inflatable_armbands,active,general,447,1,0
jet_black_king_of_knights_ver._shinjuku_1999,character,148,saber_alter_(ver._shinjuku_1999)_(fate),active,character,772,1,0
pokemon_violet,copyright,148,pokemon_sv,active,alias,33468,1,0
turbografx-16,general,148,pc_engine,active,general,181,1,0
yugioh_zexal,copyright,148,yu-gi-oh!_zexal,active,copyright,1469,1,0
bilibili_danmu,general,147,danmaku_comments,active,general,280,1,0
copy_machine,general,147,photocopier,active,general,246,1,0
mash_rene_figaro,character,147,sabin_rene_figaro,active,character,339,1,0
niconico_comments,general,147,danmaku_comments,active,general,280,1,0
otohana_sumire,character,147,sumire_(blue_archive),active,character,461,1,0
aricia_testarossa,character,146,alicia_testarossa,active,character,150,1,0
chrome_(browser),copyright,146,google_chrome,active,copyright,186,1,0
dracmon,character,146,dracumon,active,character,294,0,0
drakengard_1,copyright,146,drag-on_dragoon_1,active,copyright,248,0,0
heart_buckle,general,146,heart-shaped_buckle,active,general,1254,1,0
heracles_karpusi,character,146,greece_(hetalia),active,character,151,1,0
hunie_pop,copyright,146,huniepop,active,copyright,138,1,0
piercings,general,146,piercing,active,general,188172,1,0
borrowed_pose,general,145,pose_imitation,active,general,863,1,0
echizen_ryoma,character,145,echizen_ryooma,active,alias,143,0,0
oniwaka_(housamo),character,145,houzouin_oniwaka,active,character,360,1,0
queen_hilling,character,145,hilling_(ousama_ranking),active,character,192,1,0
bow_hair,general,144,bow-shaped_hair,active,general,8733,1,0
pants_in_boots,general,144,pants_tucked_in,active,general,1980,1,0
ushiwakamaru_(fate/grand_order),character,144,ushiwakamaru_(fate),active,character,2508,1,0
wario_land:_the_shake_dimension,copyright,144,wario_land:_shake_it!,active,copyright,207,0,0
yotsuyu_(ff14),character,144,yotsuyu_goe_brutus,active,character,529,1,0
#lookingforaunitname_(idolmaster),general,143,#unicus_(idolmaster),active,general,254,1,0
aircon_condenser,general,143,condenser_unit,active,general,641,1,0
bellbottoms,general,143,bell-bottoms,active,general,945,1,0
hyde_(under_night_in-birth),character,143,kido_hyde,active,character,186,1,0
mobile_phone,general,143,cellphone,active,general,107508,1,0
relationshipping,general,143,shipping_(fandom),active,general,221,1,0
saran_wrap,general,143,plastic_wrap,active,general,249,1,0
testicles_under_clothes,general,143,covered_testicles,active,general,1628,1,0
utsumi_erise,character,143,utsumi_erice,active,character,959,1,0
waiting_line,general,143,queue,active,general,313,1,0
biological_hazard_symbol,general,142,biohazard_symbol,active,general,406,1,0
birdie_(badminton),general,142,shuttlecock,active,general,200,1,0
enfield_sa-80,general,142,l85,active,general,407,1,0
habanero,character,142,habanero_pepper,active,general,151,1,0
magimirai_miku_(2017),character,142,magical_mirai_miku_(2017),active,character,188,1,0
puking_rainbows,general,142,vomiting_rainbows,active,general,263,1,0
urutori,character,142,ulthury,active,character,288,0,0
izuna,character,141,izuna_(gouma_reifuden_izuna),active,character,161,1,0
oonuma_kurumi,character,141,ohnuma_kurumi,active,character,251,1,0
aesc_(third_ascension)_(fate),character,140,morgan_le_fay_(water_princess)_(fate),active,character,440,1,0
bianca_(pokemon_m05),character,140,bianca_(pokemon_heroes),active,character,260,1,0
common_race_outfit_(umamusume),general,140,starting_future_(umamusume),active,general,1103,1,0
magimirai_miku_(2018),character,140,magical_mirai_miku_(2018),active,character,233,1,0
muskmelon,general,140,cantaloupe,active,general,258,1,0
polly_esther,character,140,pururun_(kyatto_ninden_teyandee),active,character,158,0,0
ribcage,general,140,ribs,active,general,17735,1,0
ammo_clip,general,139,clip_(weapon),active,general,175,1,0
ro635_(dinergate),character,139,banana_(girls'_frontline),active,,,0,0
cracked_lens,general,138,cracked_glass,active,general,1437,1,0
animal_pillow,general,137,animal-shaped_pillow,active,general,253,0,0
daimidaler:_prince_vs._penguin_empire,copyright,137,kenzen_robo_daimidaler,active,copyright,197,0,0
raven_(tov),character,137,raven_(tales),active,character,738,1,0
air_conditioner_condenser,general,136,condenser_unit,active,general,641,1,0
feather,general,136,feathers,active,general,97925,1,0
julius_caesar_(fate),character,136,gaius_julius_caesar_(fate),active,character,129,1,0
kirsten_(arknights),character,136,kristen_(arknights),active,character,322,1,0
komakaze_rabu,character,136,rabu_(blue_archive),active,character,376,1,0
ammunition_clip,general,135,clip_(weapon),active,general,175,1,0
heel_raised,general,135,heel_up,active,general,3720,1,0
magimirai_miku_(2019),character,135,magical_mirai_miku_(2019),active,character,233,1,0
nesting_doll,general,135,matryoshka_doll,active,general,262,1,0
anal_beads_pull,general,134,sex_toy_pull,active,general,467,1,0
kazuha_(genshin_impact),character,134,kaedehara_kazuha,active,character,4160,1,0
lucemon_chaos_mode,character,134,lucemon_falldown_mode,active,character,279,1,0
piedmon,character,134,piemon,active,character,266,1,0
pumpkinmon,character,134,pumpmon,active,character,316,0,0
rid_hershel,character,134,reid_hershel,active,character,219,1,0
siete,character,134,seofon_(granblue_fantasy),active,character,226,1,0
arcane_ekko,character,133,firelight_ekko,active,character,251,1,0
cyrus_(octopath_traveler),character,133,cyrus_albright,active,general,83,0,0
imi_tavor_tar-21,general,133,iwi_tavor,active,general,230,1,0
parteiadler,general,133,reichsadler,active,general,528,1,0
sarana,character,133,saraana,active,character,141,0,0
ace_attorney_6,copyright,132,phoenix_wright:_ace_attorney_-_spirit_of_justice,active,copyright,478,1,0
avatar_(pso2),character,132,protagonist_(pso2),active,character,159,0,0
babushka_doll,general,132,matryoshka_doll,active,general,262,1,0
camera_on_neck,general,132,camera_around_neck,active,general,949,1,0
cloak_removed,general,132,unworn_cloak,active,general,197,1,0
delinquent_squatting,general,132,slav_squatting,active,general,423,1,0
moth_ears,general,132,moth_antennae,active,general,780,1,0
pengie,character,132,pengy_(granblue_fantasy),active,general,8,1,0
russian_nesting_doll,general,132,matryoshka_doll,active,general,262,1,0
stoat_tail,general,132,weasel_tail,active,general,1210,1,0
beetlemon,character,131,blitzmon,active,character,275,0,0
dripping_halo,general,131,melting_halo,active,general,1064,1,0
hair_request,general,131,hairstyle_request,active,meta,492,1,0
linked_piercings,general,131,linked_piercing,active,general,3152,1,0
protector_(sekaiju),general,131,paladin_(sekaiju),active,character,222,1,0
she_wants_to_order_(meme),general,131,he_wants_to_order_(meme),active,general,318,1,0
shikinami_asuka_langley,character,131,souryuu_asuka_langley,active,character,27609,1,0
tsukuyomi_(chrono_cross),character,131,harle_(chrono_cross),active,character,199,1,0
volkswagen_type_1,general,131,volkswagen_beetle,active,general,169,1,0
apple_bunny,general,130,apple_rabbit,active,general,294,1,0
beamed_semiquavers,general,130,beamed_sixteenth_notes,active,general,1160,1,0
fire_jacket,general,130,firefighter_jacket,active,general,484,1,0
phoenixmon,character,130,hououmon,active,character,258,0,0
space_puffs,general,130,afro_puffs,active,general,740,1,0
bulge_on_ass,general,129,bulge_to_ass,active,general,566,1,0
cctv,general,129,security_camera,active,general,329,1,0
malcolm_graves,character,129,graves_(league_of_legends),active,character,388,1,0
senran_kagura_(series),copyright,129,senran_kagura,active,copyright,33254,1,0
shinku_izumi,character,129,cinque_izumi,active,character,137,1,0
yankee_squatting,general,129,slav_squatting,active,general,423,1,0
cum_in_shoe,general,128,cum_in_footwear,active,general,446,1,0
hairclip_removed,general,128,unworn_hairclip,active,general,272,1,0
kitakouji_hisui,character,128,kitakoji_hisui,active,character,271,1,0
marshall_d_teach,character,128,marshall_d._teach,active,character,407,1,0
mc1_(housamo),character,128,protagonist_1_(housamo),active,character,209,1,0
rainbow_vomit,general,128,vomiting_rainbows,active,general,263,1,0
tama_(one_piece),character,128,kurozumi_tama,active,character,347,1,0
hope_will_someday_go_beyond_the_morning_(project_sekai),general,127,negai_wa_itsuka_asa_wo_koete_(project_sekai),active,general,208,1,0
hover_board,general,127,hoverboard,active,general,279,1,0
mael_storm,character,127,yoshida_yuki_(korezom),active,character,130,1,0
male_underwear_removed,general,127,unworn_male_underwear,active,general,224,1,0
peter_kirkland,character,127,sealand_(hetalia),active,character,141,1,0
pixie,general,127,fairy,active,general,25223,1,0
ultra_seven_(series),copyright,127,ultraseven_(series),active,copyright,231,1,0
yuto_(yu-gi-oh!),character,127,yuuto_(yu-gi-oh!),active,character,146,0,0
akiizumi_momiji,character,126,momiji_(blue_archive),active,character,279,1,0
huge_boobs,general,126,huge_breasts,active,general,610494,1,0
pabumon,character,126,bubbmon,active,character,257,0,0
panzer_v_panther,general,126,panther_(tank),active,general,141,1,0
panzerkampfwagen_panther,general,126,panther_(tank),active,general,141,1,0
pzkpfw_v_panther,general,126,panther_(tank),active,general,141,1,0
semiquaver,general,126,sixteenth_note,active,general,345,1,0
video_card,general,126,graphics_card,active,general,221,1,0
ah_yes_me_my_girlfriend_and_her_(meme),general,125,500_dollar_four_foot_tall_mareep_(meme),active,general,176,1,0
jack_in_the_box_(toy),general,125,jack-in-the-box,active,general,207,1,0
landfill,general,125,junkyard,active,general,192,1,0
pubg,copyright,125,playerunknown's_battlegrounds,active,,,0,0
salmon_roe,general,125,ikura_(food),active,general,394,1,0
yorha_no._2_type_p,character,125,2p_(nier:automata),active,character,417,1,0
apho_protagonist_(honkai_impact),character,124,adam_(honkai_impact),active,character,159,1,0
bow_by_hair,general,124,bow-shaped_hair,active,general,8733,1,0
clockwork_clown_(vocaloid),copyright,124,karakuri_pierrot_(vocaloid),active,copyright,166,1,0
gyakuten_saiban_6,copyright,124,phoenix_wright:_ace_attorney_-_spirit_of_justice,active,copyright,478,1,0
kotoha_(mitsuboshi_colors),character,124,aoyama_kotoha_(mitsuboshi_colors),active,character,153,1,0
loweemon,character,124,louwemon,active,character,179,0,0
master_1_(housamo),character,124,protagonist_1_(housamo),active,character,209,1,0
sadik_adnan,character,124,turkey_(hetalia),active,character,136,0,0
wrecking_yard,general,124,junkyard,active,general,192,1,0
apron_removed,general,123,unworn_apron,active,general,213,1,0
ark_uniform_(blue_archive),general,123,utnapishtim_operator_uniform_(blue_archive),active,general,226,1,0
calmaramon,character,123,calamaramon,active,character,278,0,0
quatre_(granblue_fantasy),character,123,feower_(granblue_fantasy),active,character,172,1,0
saotome_meari,character,123,saotome_mary,active,character,287,0,0
watermill,general,123,water_wheel,active,general,240,1,0
yae_sakura_(darkbolt_jonin),character,123,yae_kasumi,active,character,167,1,0
yorha_infantry_squad_commander,character,123,commander_(nier:automata),active,character,275,0,0
samsung_electronics,copyright,122,samsung,active,copyright,485,1,0
yowkow_(.hack//),character,122,alkaid_(.hack//),active,character,143,1,0
argonavis_from_bang_dream!,copyright,121,from_argonavis,active,copyright,190,1,0
box_trap,general,121,drop_trap,active,general,163,1,0
horn_pose,general,121,horns_pose,active,general,727,1,0
lobomon,character,121,wolfmon,active,character,241,0,0
midorikawa_retasu,character,121,midorikawa_lettuce,active,character,204,0,0
ro635,general,121,colt_9mm_smg,active,general,193,1,0
sousaki_shino,character,121,mandalay_(boku_no_hero_academia),active,character,218,1,0
yugo_(yu-gi-oh!),character,121,yuugo_(yu-gi-oh!),active,character,131,0,0
bloody_leg,general,120,blood_on_leg,active,general,1909,1,0
elvetie,character,120,erubetie,active,character,140,1,0
gyakuten_saiban_3,copyright,120,phoenix_wright:_ace_attorney_-_trials_and_tribulations,active,copyright,350,1,0
hyuuga_minoru,character,120,hinata_minoru,active,character,143,1,0
magimirai_miku_(2021),character,120,magical_mirai_miku_(2021),active,character,264,1,0
mo_dao_zu_shi,copyright,120,modao_zushi,active,copyright,5026,1,0
olim_(pokemon),character,120,sada_(pokemon),active,character,361,1,0
trails_of_cold_steel_iv,copyright,120,sen_no_kiseki_iv,active,copyright,887,1,0
apollonia_vaar,character,119,black_knight_(granblue_fantasy),active,character,121,1,0
desert_pattern,general,119,desert_camouflage,active,general,253,1,0
evangelion,copyright,119,neon_genesis_evangelion,active,copyright,53002,1,0
garbage,general,119,trash,active,general,1328,1,0
m32,general,119,milkor_mgl,active,general,175,1,0
magic_skirt,general,119,convenient_skirt,active,general,247,1,0
moulting,general,119,shedding,active,general,221,1,0
shuujin_academy_uniform,general,119,shuujin_academy_school_uniform,active,general,1436,1,0
teppeki_skirt,general,119,convenient_skirt,active,general,247,1,0
awata_kaoruko,character,118,bubble_girl_(boku_no_hero_academia),active,character,131,1,0
eagle_marin,character,118,aquila_marin,active,character,10,1,0
enjou_kouhai_oshiego_wa_elf_ryuu_ningyo_jinrou,copyright,118,enjo_kouhai,active,copyright,386,1,0
quaver_rest,general,118,eighth_rest,active,general,62,1,0
belly_poke,general,117,poking_belly,active,general,331,1,0
cellophane_(boku_no_hero_academia),general,117,sero_hanta,active,character,299,1,0
mighty_no._3,character,117,dynatron_(mighty_no._9),active,character,164,0,0
okita_souji_(alter_swimsuit_saber)_(fate),character,117,okita_souji_alter_(swimsuit_saber)_(fate),active,character,205,1,0
sheer_panties,general,117,see-through_panties,active,general,1532,1,0
black_flame,general,116,black_fire,active,general,528,1,0
butterfly_knife,general,116,balisong,active,general,161,1,0
mika_schmidt,character,116,mika_(genshin_impact),active,character,379,1,0
splatterscope_(splatoon),general,116,splat_charger_(splatoon),active,general,328,1,0
camera_hanging_from_neck,general,114,camera_around_neck,active,general,949,1,0
headband_removed,general,114,unworn_headband,active,general,175,0,0
kouhai-chan_(yomu_(sgt_epper)),character,114,kouhai-chan_(douki-chan),active,character,251,1,0
shark_girl_(azuumori),character,114,mako_(azuumori),active,character,132,0,0
sig_sauer_p226,general,114,sig_p220/p226,active,general,189,1,0
tailman_(boku_no_hero_academia),general,114,ojiro_mashirao,active,character,277,1,0
teabagging_(sexual),general,114,testicles_on_face,active,general,452,1,0
crotchet,general,113,quarter_note,active,general,1530,1,0
hoplite_(sekaiju),general,113,phalanx_(sekaiju),active,character,139,1,0
neemon,character,113,neamon,active,character,276,0,0
oura_kanako,character,113,oora_kanako,active,character,142,1,0
ripped_hakama,general,113,torn_hakama,active,general,175,1,0
ripped_necktie,general,113,torn_necktie,active,general,333,1,0
three-color_desert_(camo),general,113,desert_camouflage,active,general,253,1,0
tri-color_desert,general,113,desert_camouflage,active,general,253,1,0
beginner_driver_mark,general,112,shoshinsha_mark,active,general,462,1,0
cloche_(tableware),general,112,serving_dome,active,general,268,1,0
cz-75,general,112,cz_75,active,general,211,1,0
head_screw,general,112,screw_in_head,active,general,844,1,0
holding_bunny,general,112,holding_rabbit,active,general,691,1,0
in_hood,general,112,hood_basket,active,general,179,1,0
nemo_(pokemon),character,112,nemona_(pokemon),active,character,2685,1,0
school_girl,general,112,school_uniform,active,general,1006204,1,0
sleeping_beauty_(sinoalice),general,112,briar_rose_(sinoalice),active,character,172,0,0
archerko,character,111,archerko_(himura_kiseki),active,character,136,1,0
asymmetrical_irises,general,111,mismatched_irises,active,general,237,1,0
bunny_earmuffs,general,111,rabbit_earmuffs,active,general,211,1,0
polygonal,general,111,low_poly,active,general,594,1,0
pseudo-geto,character,111,getou_suguru_(kenjaku),active,alias,274,1,0
sig_550,general,111,sig_sg550,active,general,131,1,0
bunny_ornament,general,110,rabbit_ornament,active,general,634,1,0
character-shaped_food,general,110,character-themed_food,active,general,1079,1,0
crotchet_rest,general,110,quarter_rest,active,general,62,1,0
cue_ball,general,110,billiard_ball,active,general,952,1,0
kaoruko_awata,character,110,bubble_girl_(boku_no_hero_academia),active,character,131,1,0
psx,general,110,playstation_1,active,general,249,1,0
short_front_long_back_skirt,general,110,high-low_skirt,active,general,1487,1,0
ellias_ainsworth,character,109,elias_ainsworth,active,character,188,0,0
navel_ring,general,109,navel_piercing,active,general,19985,1,0
ps1,general,109,playstation_1,active,general,249,1,0
square_halo,general,109,rectangular_halo,active,general,3504,1,0
swimsuit_of_perpetual_summer_ver.02,general,109,mash_kyrielight_(swimsuit_of_perpetual_summer_ver.02),active,character,219,1,0
tanuki_boy,general,109,raccoon_boy,active,general,1093,1,0
the_executioner_and_her_way_of_life,copyright,109,shokei_shoujo_no_virgin_road,active,copyright,151,1,0
untied_shoes,general,109,untied_footwear,active,general,302,1,0
alfyn_(octopath_traveler),character,108,alfyn_greengrass,active,general,60,0,0
cs_perrault,character,108,perrault_(last_origin),active,character,166,0,0
diamond_shaped_buttons,general,108,diamond_button,active,general,8062,1,0
head_bolt,general,108,screw_in_head,active,general,844,1,0
kitaouji_sakura,character,108,kitaoji_sakura,active,character,132,1,0
megagargomon,character,108,saintgalgomon,active,character,219,0,0
orianna_reveck,character,108,orianna_(league_of_legends),active,character,156,1,0
otose_kotama,character,108,kotama_(blue_archive),active,character,474,1,0
polka_dot_hat,general,108,polka_dot_headwear,active,general,2270,1,0
solf_j_kimblee,character,108,solf_j._kimblee,active,character,118,1,0
standing_on_broom,general,108,broom_surfing,active,general,215,1,0
ai_(aria),character,107,aino_ai,active,character,134,0,0
creampie_eating,general,107,felching,active,general,274,1,0
gian_(doraemon),character,107,gouda_takeshi,active,character,161,1,0
iguana_(animal),general,107,iguana,active,general,115,1,0
march_hare,character,107,march_hare_(alice_in_wonderland),active,character,50,1,0
master_4_(tokyo_houkago_summoners),character,107,protagonist_4_(housamo),active,character,370,1,0
nurnberg_(azur_lane),character,107,nuernberg_(azur_lane),active,character,32,1,0
nz_75,general,107,cz_75,active,general,211,1,0
shirt_half_tucked_in,general,107,shirt_partially_tucked_in,active,general,1277,1,0
blazer_removed,general,106,unworn_blazer,active,general,155,1,0
exhaust_hood,general,106,kitchen_hood,active,general,174,1,0
jaian_(doraemon),character,106,gouda_takeshi,active,character,161,1,0
tongari_corn,general,106,bugles_(food),active,general,105,1,0
window_writing,general,106,glass_writing,active,general,612,1,0
cardigan_removed,general,105,unworn_cardigan,active,general,229,1,0
kise_sacchan,character,105,kise_saki,active,character,123,1,0
pegasusmon,character,105,pegasmon,active,character,184,0,0
bolt_in_head,general,104,screw_in_head,active,general,844,1,0
magical_girl_site,copyright,104,mahou_shoujo_site,active,copyright,126,1,0
side_mirror,general,104,side-view_mirror,active,general,277,1,0
sig_sauer_p220,general,104,sig_p220/p226,active,general,189,1,0
untied_boots,general,104,untied_footwear,active,general,302,1,0
cassiopeia_du_couteau,character,103,cassiopeia_(league_of_legends),active,character,142,1,0
hephaestus_(tokyo_houkago_summoners),character,103,hephaestus_(housamo),active,character,254,1,0
nippon_housou_kyoukai,copyright,103,nhk_(broadcaster),active,copyright,138,1,0
spirit_horse,general,103,shouryouuma,active,general,125,1,0
btr,general,102,armored_personnel_carrier,active,general,425,1,0
bunny_bag,general,102,rabbit_bag,active,general,289,1,0
nekoarc_chaos,character,102,neco-arc_chaos,active,character,100,1,0
riou_(gensou_suikoden),character,102,riou_(suikoden),active,character,146,1,0
twin_tails,general,102,twintails,active,general,0,1,0
biohazard_1,copyright,101,resident_evil_1,active,copyright,474,1,0
cutoff_line,general,101,cut-here_line,active,general,540,1,0
earring_removed,general,101,unworn_earring,active,general,186,0,0
gotsumon,character,101,gottsumon,active,character,237,0,0
hailey_thomas,general,101,misora_inaho,active,character,167,1,0
hanuma_makoto,character,101,makoto_(blue_archive),active,character,948,1,0
jarvan_lightshield_iv,character,101,jarvan_iv_(league_of_legends),active,character,137,1,0
kon_(fate),character,101,con_(fate),active,character,237,0,0
lrl,character,101,lrl_(last_origin),active,character,188,1,0
lyon_(gensou_suikoden),character,101,lyon_(suikoden),active,character,108,0,0
orion_(super_archer)_(fate),character,101,super_orion_(fate),active,character,190,1,0
otherside_picnic,copyright,101,urasekai_picnic,active,copyright,348,1,0
princess_knight_(tezuka),copyright,101,ribbon_no_kishi,active,copyright,121,1,0
transparent_sleeves,general,101,see-through_sleeves,active,general,18211,1,0
archer_(fate/prototype),character,100,gilgamesh_(fate/prototype),active,character,105,1,0
art_of_fighting,copyright,100,ryuuko_no_ken,active,copyright,1796,1,0
arturia_(arknights),character,100,virtuosa_(arknights),active,character,1783,1,0
bow_removed,general,100,unworn_bow,active,general,350,1,0
girls_frontline_neural_cloud,general,100,girls'_frontline_neural_cloud,active,,,0,0
lychee_light_club,copyright,100,litchi_hikari_club,active,copyright,140,1,0
marchen_madchen,copyright,100,maerchen_maedchen,active,copyright,101,1,0
rylai_crestfall,character,100,crystal_maiden,active,character,156,1,0
sig_sauer_p225,general,100,sig_p220/p226,active,general,189,1,0
